is_sarcastic,title,article_link,publishdate
1,Trump Mocks Biden Over Size Of Inauguration Crowd,https://www.burrardstreetjournal.com/trump-mocks-biden-inauguration-crowd/,2021-01-20T15:48:36+00:00
1,Donald Trump Jr. Tests Positive For Being A Dipshit,https://www.burrardstreetjournal.com/donald-trump-jr-tests-positive-for-being-a-dipshit/,2021-01-20T15:48:36+00:00
1,"Refusing To Concede, Kanye Demands Full Recount Of All 145 Million Votes",https://www.burrardstreetjournal.com/kanye-demands-recount/,2020-11-23T14:37:58+00:00
1,Trump Advised To Drink As Much Bleach As Possible,https://www.burrardstreetjournal.com/trump-advised-to-drink-as-much-bleach-as-possible/,2020-11-08T20:32:13+00:00
1,Alex Jones ‘Seriously Considering’ Presidential Run Given Current Field,https://www.burrardstreetjournal.com/alex-jones-running-for-president/,2020-10-01T22:14:06+00:00
1,Trump Mocks Biden Over Size Of Inauguration Crowd,https://www.burrardstreetjournal.com/trump-mocks-biden-inauguration-crowd/,2020-07-11T12:54:16+00:00
1,Donald Trump Jr. Tests Positive For Being A Dipshit,https://www.burrardstreetjournal.com/donald-trump-jr-tests-positive-for-being-a-dipshit/,2017-04-28T00:51:11+00:00
1,"Refusing To Concede, Kanye Demands Full Recount Of All 145 Million Votes",https://www.burrardstreetjournal.com/kanye-demands-recount/,2018-01-11T16:06:53+00:00
1,Trump Advised To Drink As Much Bleach As Possible,https://www.burrardstreetjournal.com/trump-advised-to-drink-as-much-bleach-as-possible/,2015-10-21T10:21:05+00:00
1,Alex Jones ‘Seriously Considering’ Presidential Run Given Current Field,https://www.burrardstreetjournal.com/alex-jones-running-for-president/,2016-09-17T12:07:04+00:00
1,Trump Mocks Biden Over Size Of Inauguration Crowd,https://www.burrardstreetjournal.com/trump-mocks-biden-inauguration-crowd/,2017-04-28T04:29:17+00:00
1,Donald Trump Jr. Tests Positive For Being A Dipshit,https://www.burrardstreetjournal.com/donald-trump-jr-tests-positive-for-being-a-dipshit/,2020-05-18T13:26:33+00:00
1,"Refusing To Concede, Kanye Demands Full Recount Of All 145 Million Votes",https://www.burrardstreetjournal.com/kanye-demands-recount/,2021-01-20T15:48:36+00:00
1,Trump Advised To Drink As Much Bleach As Possible,https://www.burrardstreetjournal.com/trump-advised-to-drink-as-much-bleach-as-possible/,2020-11-23T14:37:58+00:00
1,Alex Jones ‘Seriously Considering’ Presidential Run Given Current Field,https://www.burrardstreetjournal.com/alex-jones-running-for-president/,2020-11-08T20:32:13+00:00
1,Reality TV Star Somehow Doesn’t Become Leader Of Large North American Country,https://www.burrardstreetjournal.com/reality-tv-star-somehow-doesnt-become-leader-of-large-north-american-country/,2020-10-01T22:14:06+00:00
1,Mayor Robertson ‘Proud’ To Have Fulfilled Promise To End Housing Affordability And Increase Homelessness,https://www.burrardstreetjournal.com/mayor-robertson-proud-to-have-fulfilled-promises-to-end-housing-affordability-and-increase-homelessness/,2020-10-05T02:24:48+00:00
1,Rob Ford Announces Plans to Run for Conservative Leadership,https://www.burrardstreetjournal.com/rob-ford-announces-plans-to-run-for-conservative-leadership/,2020-08-04T00:40:45+00:00
1,Vancouver Residents Urged To ‘Remain Calm’ Amid Reports Of Mystery Liquid Falling From Sky,https://www.burrardstreetjournal.com/mystery-liquid-reportedly-falling-from-sky/,2020-07-01T03:06:10+00:00
1,Trump ‘Thankful’ For Russia’s Support In Inevitable War With Canada,https://www.burrardstreetjournal.com/trump-thankful-for-russias-support-in-inevitable-war-with-canada/,2020-03-30T18:50:52+00:00
1,Vancouver Steam Clock May Be Forced To Permanently Close Due To Covid-19,https://www.burrardstreetjournal.com/vancouver-steam-clock-closing-due-to-covid-19/,2020-03-21T00:34:57+00:00
1,Trump Mocks Biden Over Size Of Inauguration Crowd,https://www.burrardstreetjournal.com/trump-mocks-biden-inauguration-crowd/,2015-08-21T23:16:41+00:00
1,Donald Trump Jr. Tests Positive For Being A Dipshit,https://www.burrardstreetjournal.com/donald-trump-jr-tests-positive-for-being-a-dipshit/,2015-07-21T23:43:04+00:00
1,"Refusing To Concede, Kanye Demands Full Recount Of All 145 Million Votes",https://www.burrardstreetjournal.com/kanye-demands-recount/,2018-01-06T02:51:40+00:00
1,Trump Advised To Drink As Much Bleach As Possible,https://www.burrardstreetjournal.com/trump-advised-to-drink-as-much-bleach-as-possible/,2018-05-05T03:03:48+00:00
1,Man Utd Make Last-Minute Bid To Re-Sign Marouane Fellaini,https://www.burrardstreetjournal.com/manchester-united-re-sign-marouane-fellaini/,2017-09-05T03:32:13+00:00
1,"Phil Jones Shocked To Discover Football Has Returned, Claims Nobody Informed Him",https://www.burrardstreetjournal.com/phil-jones-shocked-to-discover-football-has-returned-claims-nobody-informed-him/,2015-08-24T01:41:29+00:00
1,Juventus Sign Cartoon Aardvark For £72.5 Million,https://www.burrardstreetjournal.com/juventus-sign-arthur/,2020-10-05T02:24:48+00:00
1,Respect. Lionel Messi Just Confirmed That All Barcelona Players Will Start Paying Taxes Due To Coronavirus,https://www.burrardstreetjournal.com/lionel-messi-paying-taxes-again-due-to-coronavirus/,2020-08-04T00:40:45+00:00
1,Football Manager Announces Coronavirus Update That Makes Game Unplayable Until April 30th,https://www.burrardstreetjournal.com/football-manager-coronavirus-update-announced/,2020-07-01T03:06:10+00:00
1,Pedro reveals reason for turning down Man Utd move: “I cannot compete with Ashley Young.”,https://www.burrardstreetjournal.com/pedro-reveals-reason-for-turning-down-man-utd-move-i-cannot-compete-with-ashley-young/,2020-03-30T18:50:52+00:00
1,Van Gaal accidentally announces Manchester United’s shocking new “surprise” striker.,https://www.burrardstreetjournal.com/van-gaal-accidentally-announces-manchester-uniteds-shocking-new-surprise-striker/,2021-01-20T15:48:36+00:00
1,Luis Suarez Claims Firmino Is ‘Completely Innocent’ Of Any Alleged Racism,https://www.burrardstreetjournal.com/luis-suarez-claims-firmino-is-completely-innocent-of-any-alleged-racism/,2020-11-23T14:37:58+00:00
1,Jack Rodwell Demands 50% Ownership In Sunderland To Tear Up Contract,https://www.burrardstreetjournal.com/jack-rodwell-demands-20-ownership-in-sunderland-to-tear-up-contract/,2020-11-08T20:32:13+00:00
1,In 2004 The Simpsons predicted the unknown JonJo Shelvey would sign for Newcastle Utd. What happened next will shock you.,https://www.burrardstreetjournal.com/2004-simpsons-predicted-unknown-jonjo-shelvy-sign-newcastle-utd-happened-next-will-shock/,2020-10-05T02:24:48+00:00
1,Man City Buy Parma’s Coppa Italia and UEFA Cup trophies: “It’s hardly our first time.”,https://www.burrardstreetjournal.com/man-city-buy-parmas-coppa-italia-and-uefa-cup-trophies-its-hardly-our-first-time/,2020-10-01T22:14:06+00:00
1,Man Utd Make Last-Minute Bid To Re-Sign Marouane Fellaini,https://www.burrardstreetjournal.com/manchester-united-re-sign-marouane-fellaini/,2020-08-04T00:40:45+00:00
1,"Phil Jones Shocked To Discover Football Has Returned, Claims Nobody Informed Him",https://www.burrardstreetjournal.com/phil-jones-shocked-to-discover-football-has-returned-claims-nobody-informed-him/,2020-07-11T12:54:16+00:00
1,Juventus Sign Cartoon Aardvark For £72.5 Million,https://www.burrardstreetjournal.com/juventus-sign-arthur/,2020-07-09T15:08:55+00:00
1,Respect. Lionel Messi Just Confirmed That All Barcelona Players Will Start Paying Taxes Due To Coronavirus,https://www.burrardstreetjournal.com/lionel-messi-paying-taxes-again-due-to-coronavirus/,2020-07-07T15:43:38+00:00
1,Trump Mocks Biden Over Size Of Inauguration Crowd,https://www.burrardstreetjournal.com/trump-mocks-biden-inauguration-crowd/,2020-07-01T03:06:10+00:00
1,Donald Trump Jr. Tests Positive For Being A Dipshit,https://www.burrardstreetjournal.com/donald-trump-jr-tests-positive-for-being-a-dipshit/,NaN
1,"Refusing To Concede, Kanye Demands Full Recount Of All 145 Million Votes",https://www.burrardstreetjournal.com/kanye-demands-recount/,NaN
1,Man Utd Make Last-Minute Bid To Re-Sign Marouane Fellaini,https://www.burrardstreetjournal.com/manchester-united-re-sign-marouane-fellaini/,NaN
1,Trump Advised To Drink As Much Bleach As Possible,https://www.burrardstreetjournal.com/trump-advised-to-drink-as-much-bleach-as-possible/,NaN
1,"Phil Jones Shocked To Discover Football Has Returned, Claims Nobody Informed Him",https://www.burrardstreetjournal.com/phil-jones-shocked-to-discover-football-has-returned-claims-nobody-informed-him/,NaN
1,Alex Jones ‘Seriously Considering’ Presidential Run Given Current Field,https://www.burrardstreetjournal.com/alex-jones-running-for-president/,NaN
1,"Satire Writer Struggling To Think Of Dumber Celebrity To Run For President Than Kanye, Trump",https://www.burrardstreetjournal.com/satire-writer-struggling-to-come-up-dumber-nam-than-kanye-trump/,NaN
1,Taiwan Officially Lists British Columbia As Province Of China,https://www.burrardstreetjournal.com/taiwan-officially-lists-british-columbia-as-province-of-china/,NaN
1,Juventus Sign Cartoon Aardvark For £72.5 Million,https://www.burrardstreetjournal.com/juventus-sign-arthur/,NaN
1,Controversial New Study Links Hydroxychloroquine With Increased Penis Size As Trump Triples Dosage,https://www.burrardstreetjournal.com/trump-hydroxychloroquine-dosage-tripled/,2020-05-21T14:20:30+00:00
1,Vancouver Steam Clock May Be Forced To Permanently Close Due To Covid-19,https://www.burrardstreetjournal.com/vancouver-steam-clock-closing-due-to-covid-19/,2020-05-18T13:26:33+00:00
1,Trump Insists Entire Presidency Has Been Sarcastic,https://www.burrardstreetjournal.com/trump-insists-entire-presidency-has-been-sarcastic/,2020-04-26T11:19:05+00:00
1,Respect. Lionel Messi Just Confirmed That All Barcelona Players Will Start Paying Taxes Due To Coronavirus,https://www.burrardstreetjournal.com/lionel-messi-paying-taxes-again-due-to-coronavirus/,2020-03-30T18:50:52+00:00
1,Football Manager Announces Coronavirus Update That Makes Game Unplayable Until April 30th,https://www.burrardstreetjournal.com/football-manager-coronavirus-update-announced/,2020-03-21T00:34:57+00:00
1,Trump Declares Hillary Clinton Is Coronavirus ‘Patient Zero’,https://www.burrardstreetjournal.com/trump-declares-hillary-clinton-is-coronavirus-patient-zero/,2020-03-06T14:53:21+00:00
1,Boris Johnson Praises Manchester City’s Dedication To Brexit,https://www.burrardstreetjournal.com/boris-johnson-praises-manchester-citys-dedication-to-brexit/,2020-02-14T16:16:33+00:00
1,Corona Offer $15 Million To Help Change Coronavirus Name To BudLightvirus,https://www.burrardstreetjournal.com/corona-offer-15-million-to-change-coronavirus-name-to-budlightvirus/,2020-01-30T12:43:24+00:00
1,Boris Johnson Elected UK’s Final Prime Minister,https://www.burrardstreetjournal.com/boris-johnson-elected-uks-final-prime-minister/,2019-12-14T19:01:00+00:00
1,Man Utd Receive Offer For Nemanja Matic From Unnamed North London Club,https://www.burrardstreetjournal.com/man-utd-receive-offer-for-nemanja-matic-from-unnamed-north-london-club/,2019-11-21T02:11:15+00:00
1,Canada Elects First Person Of Colour As PM,https://www.burrardstreetjournal.com/canada-elects-person-of-colour-as-pm/,2019-10-22T13:14:12+00:00
1,Trump Urges Canadians To Elect Scheer: ‘Only An American Can Run Your Country Right’,https://www.burrardstreetjournal.com/trump-scheer-endorsement/,2019-10-18T13:29:37+00:00
1,‘And I’m Phil Jones’ Whispers Phil Jones To Empty Spot Where Chris Smalling Used To Be,https://www.burrardstreetjournal.com/and-im-phil-jones-whispers-phil-jones-to-empty-spot-where-chris-smalling-used-to-be/,2019-09-01T08:42:50+00:00
1,Ronaldo And Messi Seen Leaving McDonalds At 3am,https://www.burrardstreetjournal.com/ronaldo-and-messi-dinner-in-mcdonalds/,2019-08-30T09:39:52+00:00
1,Boris Johnson Praises Manchester City’s Dedication To Brexit,https://www.burrardstreetjournal.com/boris-johnson-praises-manchester-citys-dedication-to-brexit/,2020-02-14T16:16:33+00:00
1,Corona Offer $15 Million To Help Change Coronavirus Name To BudLightvirus,https://www.burrardstreetjournal.com/corona-offer-15-million-to-change-coronavirus-name-to-budlightvirus/,2020-01-30T12:43:24+00:00
1,Boris Johnson Elected UK’s Final Prime Minister,https://www.burrardstreetjournal.com/boris-johnson-elected-uks-final-prime-minister/,2019-12-14T19:01:00+00:00
1,Man Utd Receive Offer For Nemanja Matic From Unnamed North London Club,https://www.burrardstreetjournal.com/man-utd-receive-offer-for-nemanja-matic-from-unnamed-north-london-club/,2019-11-21T02:11:15+00:00
1,Canada Elects First Person Of Colour As PM,https://www.burrardstreetjournal.com/canada-elects-person-of-colour-as-pm/,2019-10-22T13:14:12+00:00
1,Trump Urges Canadians To Elect Scheer: ‘Only An American Can Run Your Country Right’,https://www.burrardstreetjournal.com/trump-scheer-endorsement/,2019-10-18T13:29:37+00:00
1,‘And I’m Phil Jones’ Whispers Phil Jones To Empty Spot Where Chris Smalling Used To Be,https://www.burrardstreetjournal.com/and-im-phil-jones-whispers-phil-jones-to-empty-spot-where-chris-smalling-used-to-be/,2019-09-01T08:42:50+00:00
1,Ronaldo And Messi Seen Leaving McDonalds At 3am,https://www.burrardstreetjournal.com/ronaldo-and-messi-dinner-in-mcdonalds/,2019-08-30T09:39:52+00:00
1,Melania Trump Accidentally Signs Name ‘Melania Trudeau’,https://www.burrardstreetjournal.com/melania-trump-accidentally-signs-name-melania-trudeau/,2019-08-29T11:54:45+00:00
1,Trump Proposes Nuking Amazon Rainforest To Stop Fire Spreading,https://www.burrardstreetjournal.com/trump-nuking-rainforest-will-stop-fire-spreading/,2019-08-26T15:04:50+00:00
1,Justin Trudeau To Demand Andrew Scheer Kiss Him To Prove He’s Not Homophobic,https://www.burrardstreetjournal.com/justin-trudeau-to-demand-andrew-scheer-kiss-him-to-prove-hes-not-homophobic/,2019-08-24T13:11:45+00:00
1,Trump Asks Trudeau To Name His Price For Alberta,https://www.burrardstreetjournal.com/trump-asks-trudeau-to-name-his-price-for-alberta/,2019-08-21T10:28:48+00:00
1,Player With Own Trademarked Celebration Unsure If He Will Fit In At Manchester United,https://www.burrardstreetjournal.com/player-with-own-trademarked-celebration-unsure-if-he-will-fit-in-at-manchester-united/,2019-08-02T01:45:30+00:00
1,‘Why Am I Not Running For President?’ Wonders Jon Stewart Aloud For First Time,https://www.burrardstreetjournal.com/why-am-i-not-running-wonders-jon-stewart-running-for-president/,2019-07-29T13:48:09+00:00
1,Steve Bruce Sacked By Newcastle After ‘Terrible Run Of Result’,https://www.burrardstreetjournal.com/steve-bruce-sacked-by-newcastle-after-terrible-run-of-result/,2019-07-18T00:53:34+00:00
1,Trump Clarifies ‘Back Where They Came From’ Remark To Congresswomen By Insisting He Was Talking About The Kitchen,https://www.burrardstreetjournal.com/trump-clarifies-back-where-they-came-from-remark-to-congresswomen-insisting-he-was-talking-about-the-kitchen/,2019-07-15T13:36:50+00:00
1,Back To The Future Remake Confirmed On Back To The Future Day,https://www.burrardstreetjournal.com/back-to-the-future-remake/,2019-07-05T14:15:39+00:00
1,David Moyes Asks Man Utd If They’ll Be Needing Anything Else Before He Leaves,https://www.burrardstreetjournal.com/david-moyes-asks-man-utd-if-theyll-be-needing-anything-else-before-he-leaves/,2019-07-02T03:09:19+00:00
1,Trump Forced To Abandon Ireland Visit After Discovering Island Closed On Arrival,https://www.burrardstreetjournal.com/trump-ireland-visit-abandoned-after-island-closes-for-maintenance/,2019-06-05T02:08:03+00:00
1,De Ligt All But Confirms Man Utd Move By Liking Instagram Post Of Giant Pile Of Cash,https://www.burrardstreetjournal.com/latest-de-ligt-transfer-news-man-utd-move-close-afer-liking-instagram-post/,2019-06-01T02:12:03+00:00
1,David Bellion Interviewed For Man Utd Technical Director Role,https://www.burrardstreetjournal.com/david-bellion-interviewed-for-man-utd-technical-director-role/,2019-05-20T01:30:33+00:00
1,Grouse Grind Reopens Now With 75% More Steps,https://www.burrardstreetjournal.com/grouse-grind-reopens-now-with-75-more-steps/,2019-05-03T13:27:16+00:00
1,Fox News Viewers Stunned As Station Broadcasts Real News For April Fools,https://www.burrardstreetjournal.com/fox-news-real-news-for-april-fools/,2019-04-02T12:30:02+00:00
1,Trump Admits Entire Presidency Just One Big April Fools,https://www.burrardstreetjournal.com/trump-admits-entire-presidency-just-one-big-april-fools/,2019-04-01T11:27:06+00:00
1,Declan Rice Apologises For Singing ‘Come Out Ye Black And Tans’ During God Save The Queen,https://www.burrardstreetjournal.com/declan-rice-apologises-for-singing-come-out-ye-black-and-tans-during-god-save-the-queen/,2019-03-23T02:36:31+00:00
1,Raheem Sterling STEALS Match Ball After GUNNING Down INNOCENT Czechs In MAD Scoring SPREE,https://www.burrardstreetjournal.com/raheem-sterling-steals-match-ball-after-gunning-down-innocent-czechs-during-spree/,2019-03-22T14:02:11+00:00
1,Mike Pence Takes 4-Hour Shower After Meeting Irish PM And Boyfriend,https://www.burrardstreetjournal.com/mike-pence-takes-4-hour-shower-after-meeting-irish-pm-and-boyfriend/,2019-03-15T02:44:25+00:00
1,Ole Gunnar Solskjaer Offered New 25-Year Contract By Man Utd,https://www.burrardstreetjournal.com/ole-gunnar-solskjaer-new-deal-a-25-year-contact/,2019-03-07T02:47:59+00:00
1,Trump Ends North Korean Talks Early After Kim Suggests Burger King Is Better Than McDonalds,https://www.burrardstreetjournal.com/trump-ends-north-korean-talks-early-after-kim-suggests-burger-king-is-better-than-mcdonalds/,2019-02-28T14:23:15+00:00
1,BREAKING: Chelsea Recall 374 Players From Loan,https://www.burrardstreetjournal.com/chelsea-recall-players-from-loan/,2019-02-22T03:49:38+00:00
1,Man Utd Fans Ecstatic To Sign Player They First Heard Of Yesterday,https://www.burrardstreetjournal.com/man-utd-fans-delighted-to-sign-player-they-first-heard-of-yesterday/,2018-06-06T14:50:40+00:00
1,Nation Wonders How Much More Fucking Evidence Mueller Needs Exactly,https://www.burrardstreetjournal.com/nation-wonders-how-much-more-fucking-evidence-mueller-needs-exactly/,2018-06-05T09:52:21+00:00
1,Allardyce Seen Taking Spanish Lessons In Preparation For Madrid Offer,https://www.burrardstreetjournal.com/allardyce-real-madrid-move-imminent-as-sam-takes-spanish-lessons/,2018-06-02T06:44:42+00:00
1,Ted Cruz Slams Trump’s Trade Tariffs After Discovering Pornhub Is Canadian,https://www.burrardstreetjournal.com/ted-cruz-slams-trumps-trade-tariffs-after-discovering-pornhub-is-canadian/,2018-06-01T10:29:27+00:00
1,New Evidence Suggests Hitler Began Taking Ambien Around 1939,https://www.burrardstreetjournal.com/new-evidence-suggests-hitler-began-taking-ambien-around-1939/,2018-05-31T02:58:42+00:00
1,Image Of Trump Briefly Appears On FBI Most Wanted List,https://www.burrardstreetjournal.com/trump-fbi-most-wanted-list/,2018-05-07T23:10:20+00:00
1,Jack Rodwell Demands 50% Ownership In Sunderland To Tear Up Contract,https://www.burrardstreetjournal.com/jack-rodwell-demands-20-ownership-in-sunderland-to-tear-up-contract/,2018-05-05T03:03:48+00:00
1,Alan Pardew Turns Up For Work At WBA After Believing Sacking Was April Fools,https://www.burrardstreetjournal.com/alan-pardew-april-fools-west-brom/,2018-04-03T02:35:07+00:00
1,World’s Largest Marijuana Emporium Set To Replace Vancouver Art Gallery,https://www.burrardstreetjournal.com/state-run-marijuana-emporium-set-to-replace-vancouver-art-gallery/,2018-03-27T09:22:08+00:00
1,‘Stephen Hawking’s Death Has Stunned The Stable Genius Community’ Claims Trump,https://www.burrardstreetjournal.com/trump-says-stephen-hawkings-death-has-stunned-the-stable-genius-community/,2018-03-14T16:26:34+00:00
1,U.S. To Allow Unstable Dictator Meet With Kim Jong-Un,https://www.burrardstreetjournal.com/u-s-to-allow-unstable-dictator-meet-with-kim-jong-un/,2018-03-09T14:11:59+00:00
1,Trump Asks Former Presidents What They Did When They Were Sued By A Pornstar,https://www.burrardstreetjournal.com/trump-asks-former-presidents-sued-pornstar/,2018-03-08T14:26:29+00:00
1,Trump Tweets Nafta Criticisms To ‘Prime Minister’ Justin Bieber,https://www.burrardstreetjournal.com/trump-tweets-nafta-criticisms-to-prime-minister-justin-bieber/,2018-03-07T13:54:58+00:00
1,Canada To Formally Offer Asylum To Every American Child,https://www.burrardstreetjournal.com/canada-to-formally-offer-asylum-to-every-american-child/,2018-03-05T15:45:38+00:00
1,Nikki Haley Happy To Stay On As UN Ambassador For As Long As It Takes Kanye West To Learn The Ropes,https://www.burrardstreetjournal.com/nikki-haley-happy-to-show-kanye-west-un-ambassador-the-ropes/,2018-10-12T11:58:58+00:00
1,"Bert And Ernie ‘Just Fuck Buddies’, Confirms Sesame Street",https://www.burrardstreetjournal.com/bert-and-ernie-just-fuck-buddies-confirms-sesame-street/,2018-09-21T06:38:49+00:00
1,Hillary: ‘President Trump One Of The Dumbest We’ve Ever Seen From The Standpoint Of Intelligence’,https://www.burrardstreetjournal.com/hillary-president-trump-one-of-the-dumbest-weve-ever-seen-from-the-standpoint-of-intelligence/,2018-09-19T13:59:17+00:00
1,Trump Claims To Have Recording Of Obama Calling Him A Cracker,https://www.burrardstreetjournal.com/trump-claims-to-have-recording-of-obama-calling-him-a-cracker/,2018-08-20T14:02:06+00:00
1,Man Utd Announce Record Breaking Deal With New Sock Sponsor,https://www.burrardstreetjournal.com/man-utd-announce-record-breaking-deal-with-new-sock-sponsor/,2018-08-09T03:30:03+00:00
1,American Government Imposes Immediate Ban On 3D-Printed Straws,https://www.burrardstreetjournal.com/american-government-imposes-immediate-ban-on-3d-printed-straws/,2018-08-08T11:53:24+00:00
1,Trump Looking Forward To Knighthood From The Queen,https://www.burrardstreetjournal.com/trump-looking-forward-to-knighthood-from-the-queen/,2018-07-12T06:59:46+00:00
1,Trump Invites Thai Boys To White House; Boys Request To Return To Cave,https://www.burrardstreetjournal.com/trump-invites-thai-boys-to-white-house-boys-request-to-return-to-cave/,2018-07-11T13:29:53+00:00
1,England FA Looking To Send Irish Fans To Russia Instead Of Own,https://www.burrardstreetjournal.com/england-fa-looking-to-rent-irish-fans-to-send-to-russia-instead-of-english/,2018-06-13T13:46:18+00:00
1,Switzerland OUT of World Cup After Suffering Incredible Injury Crisis,https://www.burrardstreetjournal.com/switzerland-out-of-world-cup-after-suffering-incredible-injury-crisis/,2018-06-12T07:51:39+00:00
1,Football Manager 2018 Starting Budgets For Premier League teams,https://www.burrardstreetjournal.com/football-manager-2018-starting-budgets-premier-league-teams/,2017-12-01T16:16:46+00:00
1,Canadians Celebrate American Thanksgiving By Giving Thanks They’re Not American,https://www.burrardstreetjournal.com/canadians-celebrate-american-thanksgiving-by-giving-thanks-theyre-not-american/,2017-11-23T14:23:52+00:00
1,Samantha Mumba Announces New 2018 Tour Of Leitrim,https://www.burrardstreetjournal.com/samantha-mumba-new-tour-of-leitrim-confirmed/,2017-11-22T02:00:15+00:00
1,And I Would Have Gotten Away With It Too If It Wasn’t For Those Sexy Kids,https://www.burrardstreetjournal.com/and-i-would-have-gotten-away-with-it-too/,2017-11-20T13:59:30+00:00
1,Football Fans Wonder If There Are Any Good Guys Left After Blatter Accusation,https://www.burrardstreetjournal.com/fans-wonder-good-guys-left-football-after-blatter-accusation/,2017-11-11T02:47:04+00:00
1,Trump Urges Kevin Spacey To Consider Career In Politics,https://www.burrardstreetjournal.com/trump-urges-kevin-spacey-consider-career-politics/,2017-11-06T01:09:17+00:00
1,President Trump Alleges He Was Sexually Assaulted By Hillary Clinton,https://www.burrardstreetjournal.com/trump-alleges-sexual-assault-by-hillary/,2017-11-05T14:05:04+00:00
1,Adam Johnson: ‘Freddy Adu Peaked At 15’,https://www.burrardstreetjournal.com/adam-johnson-freddy-adu-peaked-15/,2017-11-02T18:45:10+00:00
1,Middle Lane Of Lions Gate Bridge Closing To Make Way For New Bike Lane,https://www.burrardstreetjournal.com/middle-lane-of-lions-gate-bridge-replace-with-new-bike-path/,2017-11-01T15:01:38+00:00
1,Football Manager 2018 Wonderkids – The Definitive List,https://www.burrardstreetjournal.com/football-manager-2018-wonderkids-the-definitive-list/,2017-11-01T12:48:28+00:00
1,Sad: Winston Bogarde Collects His Final Chelsea Paycheck,https://www.burrardstreetjournal.com/winston-bogarde-picks-up-his-final-chelsea-paycheck/,2017-10-25T00:30:55+00:00
1,Hollywood Releases Shorter List of Women Not Sexually Assaulted by Harvey Weinstein,https://www.burrardstreetjournal.com/hollywood-releases-shorter-list-women-not-assaulted-harvey-weinstein/,2017-10-17T15:04:36+00:00
1,Mass Panic In Ireland As Trump Promises To Visit In Wake Of Hurricane Ophelia,https://www.burrardstreetjournal.com/trump-ireland-visit-promise-causes-mass-panic/,2017-10-15T12:10:48+00:00
1,Trump Claims He Witnessed Numerous Sexual Assaults By High Profile TV Exec Who Now Works In Politics,https://www.burrardstreetjournal.com/trump-claims-witnessed-numerous-sexual-assaults-high-profile-tv-exec-now-works-politics/,2017-10-13T16:48:01+00:00
1,U.S. To Allow Unstable Dictator Meet With Kim Jong-Un,https://www.burrardstreetjournal.com/u-s-to-allow-unstable-dictator-meet-with-kim-jong-un/,2018-03-09T14:11:59+00:00
1,Trump Asks Former Presidents What They Did When They Were Sued By A Pornstar,https://www.burrardstreetjournal.com/trump-asks-former-presidents-sued-pornstar/,2018-03-08T14:26:29+00:00
1,Trump Tweets Nafta Criticisms To ‘Prime Minister’ Justin Bieber,https://www.burrardstreetjournal.com/trump-tweets-nafta-criticisms-to-prime-minister-justin-bieber/,2018-03-07T13:54:58+00:00
1,Canada To Formally Offer Asylum To Every American Child,https://www.burrardstreetjournal.com/canada-to-formally-offer-asylum-to-every-american-child/,2018-03-05T15:45:38+00:00
1,Alexis Sanchez Pledges To Donate 10% Of Salary To Arsenal,https://www.burrardstreetjournal.com/sanchez-pledges-to-donate-10-of-salary-to-arsenal/,2018-02-24T02:16:20+00:00
1,Canadian City Imposes Strict Ban On All Americans Hoping To Travel With Nuclear Weapons,https://www.burrardstreetjournal.com/canadian-city-imposes-strict-ban-on-all-americans-with-nuclear-weapons/,2018-02-12T14:00:25+00:00
1,Eamon Dunphy Hospitalised After Learning Of Wes Hoolahan’s Retirement,https://www.burrardstreetjournal.com/eamon-dunphy-hospitalised-after-learning-of-wes-hoolahans-retirement/,2018-02-08T01:24:10+00:00
1,Trudeau Calls For Manitoba To Be Renamed ‘Peopleitoba’,https://www.burrardstreetjournal.com/trudeau-calls-manitoba-renamed-peopleitoba/,2018-02-06T15:05:43+00:00
1,Obama Admits 1 Year Of Trump As President ‘Far More Stressful’ Than 8 Years As President,https://www.burrardstreetjournal.com/obama-trump-presidency-infinitely-more-stressful-than-presidency/,2018-02-02T15:48:19+00:00
1,BREAKING: Cristiano Ronaldo Charged With Sexual Assault,https://www.burrardstreetjournal.com/cristiano-ronaldo-charged-sexual-assault/,2018-01-28T02:49:28+00:00
1,Trump Denounces Grammar Nazis,https://www.burrardstreetjournal.com/trump-denounces-grammar-nazis/,2017-08-25T14:50:04+00:00
1,John Terry: ‘My Advice To Young Teammates Is To Remember That Someday I Will Shag Your Wife’,https://www.burrardstreetjournal.com/john-terry-advice-to-young-teammates/,2017-08-25T02:29:35+00:00
1,North Korea Announces ‘Sun Blocking Test’ Success,https://www.burrardstreetjournal.com/north-korea-sun-blocking-test-success/,2017-08-22T16:12:29+00:00
1,Donald Trump Labels Alt-Right Pointless: ‘I Just Right Click’,https://www.burrardstreetjournal.com/donald-trump-alt-right-comments-i-just-right-click/,2017-08-17T14:22:26+00:00
1,"City That Never Stops Complaining About Rain, Desperate For Rain",https://www.burrardstreetjournal.com/city-that-never-stops-complaining-about-rain-desperate-for-rain/,2017-08-11T14:54:37+00:00
1,Marouane Fellaini Handed Iconic Number 7 Shirt For Next Season,https://www.burrardstreetjournal.com/marouane-fellaini-to-be-handed-number-7-shirt-for-next-season/,2017-08-11T01:10:14+00:00
1,Panic At Vancouver Nightclub As Wild Cougar Wanders In Forcing Evacuation,https://www.burrardstreetjournal.com/vancouver-cougar-attack-shock-in-nightclub/,2017-08-08T14:57:27+00:00
1,Sean Spicer Vehemently Denies Ever Being Press Secretary,https://www.burrardstreetjournal.com/sean-spicer-vehemently-denies-ever-being-press-secretary/,2017-07-22T12:42:20+00:00
1,America Ridicules Canada For Celebrating Independence Day 3 Days Early,https://www.burrardstreetjournal.com/americans-ridicule-canada-celebrating-independence-day-july-1st/,2017-07-01T06:00:41+00:00
1,Climate Change Denying Senator Attacks Flat Earthers Over Faulty Science,https://www.burrardstreetjournal.com/climate-change-denying-senator-attacks-flat-earthers-faulty-science/,2017-06-20T12:38:03+00:00
1,Trudeau Formally Offers Obama Asylum In Canada,https://www.burrardstreetjournal.com/trudeau-offers-barack-obama-asylum-in-canada/,2017-06-08T15:32:14+00:00
1,Trump Promises Supporters ‘America Will Go Out On Top’ When World Ends Next Year,https://www.burrardstreetjournal.com/trump-promises-supporters-america-will-go-out-on-top-when-world-ends-next-year/,2017-06-03T08:00:21+00:00
1,Trump Proposes Washington DC Be Renamed To A ‘More Current’ President,https://www.burrardstreetjournal.com/trump-wants-washington-dc-renamed-after-more-current-president/,2017-05-18T10:45:17+00:00
1,Even Trump Surprised He Hasn’t Been Impeached Yet,https://www.burrardstreetjournal.com/even-trump-surprised-he-hasnt-been-impeached-yet/,2017-05-16T14:26:05+00:00
1,Donald Trump Calls Justin Trudeau “Canada’s Worst President Yet”,https://www.burrardstreetjournal.com/trump-trudeau-canadas-worst-president-yet/,2017-05-09T13:12:14+00:00
1,Canada Claims Old Friend America Has Changed Since It Started Hanging Out With That Trump Guy,https://www.burrardstreetjournal.com/canada-claims-old-friend-america-changed-since-it-started-hanging-trump-guy/,2017-05-02T15:17:55+00:00
1,Trump ‘Thankful’ For Russia’s Support In Inevitable War With Canada,https://www.burrardstreetjournal.com/trump-thankful-for-russias-support-in-inevitable-war-with-canada/,2017-04-28T04:29:17+00:00
1,Reality TV Star Somehow Doesn’t Become Leader Of Large North American Country,https://www.burrardstreetjournal.com/reality-tv-star-somehow-doesnt-become-leader-of-large-north-american-country/,2017-04-28T00:51:11+00:00
1,New Immigrant To Vancouver Wondering How Much Longer 420 Will Last,https://www.burrardstreetjournal.com/new-immigrant-to-vancouver-wondering-how-much-longer-420-will-last/,2017-04-25T16:34:48+00:00
1,Mourinho: ‘Europa League/EFL Double Would Be Greatest Achievement In Man Utd History’,https://www.burrardstreetjournal.com/mourinho-europa-league-efl-double-would-be-greatest-achievement-in-man-utd-history/,2017-04-21T00:58:47+00:00
1,Bill O’Reilly Claims Women He Sexually Harassed ‘Not Entirely’ To Blame For Firing,https://www.burrardstreetjournal.com/bill-oreilly-women-not-responsible-for-firing/,2017-04-20T17:22:30+00:00
1,Trump Approaches United Airlines About Managing Guantanamo,https://www.burrardstreetjournal.com/trump-approaches-united-airlines-about-managing-guantanamo-bay/,2017-04-18T23:41:09+00:00
1,Trump Admits Frequent Trips To Washington DC Haven’t Helped Golf Game,https://www.burrardstreetjournal.com/trump-golf-game-affected-by-presidency/,2017-04-18T16:00:26+00:00
1,Origins Of CrossFit Found In Tomb Of Jesus Christ,https://www.burrardstreetjournal.com/origins-crossfit-found-tomb-jesus-christ/,2017-04-16T13:48:49+00:00
1,Trudeau Vows Not To Get Stoned Again Until Weed Is Legalized For All Canadians,https://www.burrardstreetjournal.com/trudeau-stoned-not-until-weed-legalized/,2017-04-14T17:09:24+00:00
1,Vancouver Canucks Promise To Appoint Fan As Head Coach If He Gets 8 Million Retweets,https://www.burrardstreetjournal.com/vancouver-canucks-promise-appoint-fan-head-coach-gets-8-million-retweets/,2017-04-13T16:46:35+00:00
1,Kellyanne Conway Appointed Director Of Media Relations At United Airlines,https://www.burrardstreetjournal.com/kellyanne-conway-united-airlines-appointment-announced/,2017-04-11T13:33:30+00:00
1,Woman Receives 2-Year Translink Ban For Forgetting To Thank Bus Driver,https://www.burrardstreetjournal.com/woman-receives-2-year-translink-ban-for-forgetting-to-thank-bus-driver/,2017-04-08T12:21:12+00:00
1,Mass Panic In Ireland As Trump Promises To Visit In Wake Of Hurricane Ophelia,https://www.burrardstreetjournal.com/trump-ireland-visit-promise-causes-mass-panic/,2017-10-15T12:10:48+00:00
1,Trump Claims He Witnessed Numerous Sexual Assaults By High Profile TV Exec Who Now Works In Politics,https://www.burrardstreetjournal.com/trump-claims-witnessed-numerous-sexual-assaults-high-profile-tv-exec-now-works-politics/,2017-10-13T16:48:01+00:00
1,Suburban Dad An Expert On How Black Men Should Interact With Police,https://www.burrardstreetjournal.com/suburban-dad-expert-black-men-interact-police/,2017-10-10T16:32:49+00:00
1,Trump Mocks Trudeau For Celebrating Thanksgiving ‘6 Weeks Early’,https://www.burrardstreetjournal.com/trump-mocks-trudeau-celebrating-thanksgiving-6-weeks-early/,2017-10-09T14:02:11+00:00
1,"‘Thoughts And Prayers’ Infinitely More Effective Than Gun Control, NRA Study Finds",https://www.burrardstreetjournal.com/thoughts-and-prayers-infinitely-more-effective-than-gun-control-nra-study-finds/,2017-10-03T13:06:58+00:00
1,Trump Demands Canadian Border Wall After Learning Mexico Not Only Country Adjacent To U.S.,https://www.burrardstreetjournal.com/trump-demands-canadian-border-wall-after-learning-mexico-not-only-country-adjacent-to-u-s/,2017-09-21T14:11:48+00:00
1,New iPhone Capable Of Becoming Obsolete 50% Faster Than Previous Model,https://www.burrardstreetjournal.com/new-iphone-capable-becoming-obsolete-50-faster-previous-model/,2017-09-18T16:32:22+00:00
1,"87% Of Vancouver’s Problems Blamed On Surrey, Study Finds",https://www.burrardstreetjournal.com/87-of-vancouvers-problems-blamed-on-surrey-study-finds/,2017-09-14T15:12:51+00:00
1,Carlos Tevez Vows To Get Back In Shape ‘No Matter How Much It Costs’,https://www.burrardstreetjournal.com/carlos-tevez-vows-get-back-shape-no-matter-much-costs/,2017-09-14T01:34:52+00:00
1,Furious Trump Demands To Know Why He Can’t Go Golfing In Mar-A-Lago,https://www.burrardstreetjournal.com/trump-demands-to-know-why-he-cant-go-golfing-in-mar-a-lago/,2017-09-12T16:55:18+00:00
1,Controversial Trump Tower To Be Renamed Trump Plaza,https://www.burrardstreetjournal.com/trump-tower-to-be-renamed-trump-plaza/,2017-03-05T15:47:22+00:00
1,Trump Offers Obama Newly Created Role As Ambassador To ISIS,https://www.burrardstreetjournal.com/trump-offers-obama-role-as-ambassador-to-isis/,2017-03-03T17:11:51+00:00
1,Pope Suggests Trump Gives Up Presidency For Lent,https://www.burrardstreetjournal.com/pope-tweets-donald-trump-to-give-up-presidency-for-lent/,2017-03-01T17:10:18+00:00
1,EXCLUSIVE: How Donald Trump’s Sons Spent 24 Hours In Vancouver,https://www.burrardstreetjournal.com/how-trumps-sons-spent-24-hours-in-vancouver/,2017-03-01T13:05:13+00:00
1,Leicester City To Sack Manager Every Week In Attempt To Avoid Relegation,https://www.burrardstreetjournal.com/leicester-city-to-sack-manager-every-week/,2017-02-28T20:22:33+00:00
1,Claudio Ranieri Denied Sainthood After ‘No Evidence For Second Miracle’,https://www.burrardstreetjournal.com/claudio-ranieri-denied-sainthood/,2017-02-28T20:22:17+00:00
1,Trump Sons Detained At Vancouver Airport Due To Alleged Ties With Fascist Dictator,https://www.burrardstreetjournal.com/trump-sons-detained-at-vancouver-airport/,2017-02-28T16:35:38+00:00
1,Canada Considering Justin Bieber As New Canadian Ambassador To US,https://www.burrardstreetjournal.com/canada-considering-justin-bieber-as-new-canadian-ambassador-to-us/,2017-02-24T14:31:41+00:00
1,"$1,000 Robbed From Scotiabank Theatre As Thieves Steal Large Popcorn, Nachos And Bag Of Skittles",https://www.burrardstreetjournal.com/thousand-dollars-stolen-from-scotiabank-theatre/,2017-02-23T15:55:35+00:00
1,Trump Unsure Whether To Deport ‘Unemployed Immigrant’ Milo Yiannopoulos Or Employ Him,https://www.burrardstreetjournal.com/trump-unsure-whether-to-deport-milo-yiannopoulos-or-employ-him/,2017-02-22T16:20:53+00:00
1,"30,000 US Soldiers Redeployed From Bowling Green To Sweden",https://www.burrardstreetjournal.com/us-soldiers-redeployed-from-bowling-green-sweden/,2017-02-21T13:42:01+00:00
1,Trump ‘Very Disappointed’ In Putin For Recommending Michael Flynn,https://www.burrardstreetjournal.com/trump-blames-putin-for-flynn-appointment/,2017-02-16T12:10:19+00:00
1,Joe Trudeau Found Dead As Bowling Green Massacre Claims Yet Another Life,https://www.burrardstreetjournal.com/joe-trudeau-found-dead-at-bowling-green-massacre/,2017-02-15T11:51:50+00:00
1,Trump Spotted Wearing Cast On Right Hand As Mysterious Injury Surfaces,https://www.burrardstreetjournal.com/trump-spotted-wearing-cast-on-right-hand/,2017-02-14T14:37:48+00:00
1,Trump Overheard Calling Trudeau ‘Leader Of The Igloo People’,https://www.burrardstreetjournal.com/trump-overheard-calling-trudeau-leader-of-the-igloo-people/,2017-02-13T13:55:12+00:00
1,Alex Jones To Host Next White House Correspondents’ Dinner,https://www.burrardstreetjournal.com/alex-jones-to-host-white-house-correspondents-dinner/,2017-02-08T16:17:39+00:00
1,"It’s Not A Gas Chamber, It’s ‘Alternative Air’, Say Trump Advisors",https://www.burrardstreetjournal.com/not-a-gas-chamber-alternative-air-say-trump-advisors/,2017-02-07T16:00:10+00:00
1,Trump Assigns Conway To Head ‘Bowling Green Massacre Commission’,https://www.burrardstreetjournal.com/trump-assigns-conway-to-head-bowling-green-massacre-commission/,2017-02-05T13:36:34+00:00
1,Vancouver To Consider Trialing Revolutionary New Tires That Drive On Snow,https://www.burrardstreetjournal.com/vancouver-to-trial-new-tires-that-drive-on-snow/,2017-02-04T14:35:39+00:00
1,Trudeau Government Abandons Promise To Abandon Promise Of Electoral Reform,https://www.burrardstreetjournal.com/trudeau-abandons-promise-to-abandon-promise/,2017-02-01T14:22:10+00:00
1,Sergio Aguero Opens Up About The Possibility Of Deadline Day Celtic Move,https://www.burrardstreetjournal.com/sergio-aguero-to-celtic-move-discussed/,2017-01-31T01:59:23+00:00
1,"‘Muslims Who Convert To Scientology’ To Be Welcomed With ‘Open Arms’, Trump Confirms",https://www.burrardstreetjournal.com/muslims-convert-scientology-welcomed-open-arms-trump-confirms/,2017-01-29T11:27:14+00:00
1,Trump Tweets Trudeau: “Stop Wasting So Much Time On Facebook.”,https://www.burrardstreetjournal.com/trump-tweets-trudeau-stop-wasting-time-on-facebook/,2017-01-28T18:36:53+00:00
1,Trump Reveals Plans To Build Bridge With Russia; Insists Putin Will Pay Later,https://www.burrardstreetjournal.com/trump-announces-bridge-with-russia/,2017-01-27T14:56:17+00:00
1,Female Legislators Unveil ‘Male Ejaculation Bill’ Forbidding The Disposal Of Unused Semen,https://www.burrardstreetjournal.com/female-legislators-unveil-male-ejaculation-bill/,2017-01-23T22:36:02+00:00
1,Trump Identifies Canadian Women As ‘Second Biggest Threat to U.S. After ISIS’,https://www.burrardstreetjournal.com/trump-threatened-by-canadian-women/,2017-01-23T17:01:19+00:00
1,President Obama’s Helicopter Pilot Told To ‘Head North’ And Not Stop ‘Til Canada’,https://www.burrardstreetjournal.com/president-obama-tells-helicopter-pilot-to-head-north/,2017-01-21T12:26:31+00:00
1,Obama Wakes Up To 37 Missed Calls From Oval Office On First Day As Regular Citizen,https://www.burrardstreetjournal.com/37-missed-phone-calls-on-obamas-first-day-as-citizen-again/,2017-01-21T10:42:21+00:00
1,Donald Trump Calls Justin Trudeau “Canada’s Worst President Yet”,https://www.burrardstreetjournal.com/trump-trudeau-canadas-worst-president-yet/,2017-05-09T13:12:14+00:00
1,Canada Claims Old Friend America Has Changed Since It Started Hanging Out With That Trump Guy,https://www.burrardstreetjournal.com/canada-claims-old-friend-america-changed-since-it-started-hanging-trump-guy/,2017-05-02T15:17:55+00:00
1,Trump ‘Thankful’ For Russia’s Support In Inevitable War With Canada,https://www.burrardstreetjournal.com/trump-thankful-for-russias-support-in-inevitable-war-with-canada/,2017-04-28T04:29:17+00:00
1,Reality TV Star Somehow Doesn’t Become Leader Of Large North American Country,https://www.burrardstreetjournal.com/reality-tv-star-somehow-doesnt-become-leader-of-large-north-american-country/,2017-04-28T00:51:11+00:00
1,New Immigrant To Vancouver Wondering How Much Longer 420 Will Last,https://www.burrardstreetjournal.com/new-immigrant-to-vancouver-wondering-how-much-longer-420-will-last/,2017-04-25T16:34:48+00:00
1,Mourinho: ‘Europa League/EFL Double Would Be Greatest Achievement In Man Utd History’,https://www.burrardstreetjournal.com/mourinho-europa-league-efl-double-would-be-greatest-achievement-in-man-utd-history/,2017-04-21T00:58:47+00:00
1,Bill O’Reilly Claims Women He Sexually Harassed ‘Not Entirely’ To Blame For Firing,https://www.burrardstreetjournal.com/bill-oreilly-women-not-responsible-for-firing/,2017-04-20T17:22:30+00:00
1,Trump Approaches United Airlines About Managing Guantanamo,https://www.burrardstreetjournal.com/trump-approaches-united-airlines-about-managing-guantanamo-bay/,2017-04-18T23:41:09+00:00
1,Trump Admits Frequent Trips To Washington DC Haven’t Helped Golf Game,https://www.burrardstreetjournal.com/trump-golf-game-affected-by-presidency/,2017-04-18T16:00:26+00:00
1,Origins Of CrossFit Found In Tomb Of Jesus Christ,https://www.burrardstreetjournal.com/origins-crossfit-found-tomb-jesus-christ/,2017-04-16T13:48:49+00:00
1,Trudeau Vows Not To Get Stoned Again Until Weed Is Legalized For All Canadians,https://www.burrardstreetjournal.com/trudeau-stoned-not-until-weed-legalized/,2017-04-14T17:09:24+00:00
1,Vancouver Canucks Promise To Appoint Fan As Head Coach If He Gets 8 Million Retweets,https://www.burrardstreetjournal.com/vancouver-canucks-promise-appoint-fan-head-coach-gets-8-million-retweets/,2017-04-13T16:46:35+00:00
1,Kellyanne Conway Appointed Director Of Media Relations At United Airlines,https://www.burrardstreetjournal.com/kellyanne-conway-united-airlines-appointment-announced/,2017-04-11T13:33:30+00:00
1,Woman Receives 2-Year Translink Ban For Forgetting To Thank Bus Driver,https://www.burrardstreetjournal.com/woman-receives-2-year-translink-ban-for-forgetting-to-thank-bus-driver/,2017-04-08T12:21:12+00:00
1,Trump Expresses Willingness To ‘Sacrifice Canada’ In Potential War With North Korea,https://www.burrardstreetjournal.com/trump-willing-to-sacrifice-canada-if-needed/,2017-04-07T15:14:31+00:00
1,Mike Pence Hospitalized After Becoming Trapped In Elevator With Woman,https://www.burrardstreetjournal.com/mike-pence-elevator-disaster-with-unknown-female/,2017-04-05T14:34:08+00:00
1,Satire Website Not Sure What To Post Today,https://www.burrardstreetjournal.com/satire-website-not-sure-post-today/,2017-04-01T01:05:25+00:00
1,UK’s Brexit Suicide Note Uncovered: “How were we to know the gun was loaded?”,https://www.burrardstreetjournal.com/uk-brexit-suicide-note-uncovered/,2017-03-31T01:23:48+00:00
1,Obama Cites ‘Childproofing Nuclear Buttons’ As His ‘Best Decision’ As President,https://www.burrardstreetjournal.com/obama-cites-childproofing-nuclear-buttons-as-best-decision/,2017-03-28T13:52:51+00:00
1,Scholes And Ferdinand Admit To Wearing Earplugs Every Time Michael Owen Speaks,https://www.burrardstreetjournal.com/scholes-and-ferdinand-admit-to-wearing-earplugs-when-owen-speaks/,2017-03-23T01:03:57+00:00
1,Trudeau Outlines Commitment To Becoming Fully Gender-Neutral by 2019,https://www.burrardstreetjournal.com/trudeau-gender-neutral-by-2019/,2016-09-16T17:15:17+00:00
1,BREAKING: Sky Sports Announce John Giles Will Join MNF Team,https://www.burrardstreetjournal.com/john-giles-sky-sports-mnf-announcement/,2016-09-16T01:45:55+00:00
1,Donald Trump Calls President Obama “Worse Than Hitler”,https://www.burrardstreetjournal.com/trump-obama-worse-than-hitler/,2016-09-15T15:18:03+00:00
1,"“Hillary Clinton Would Be The Unhealthiest President Ever Elected,” Writes Trump’s Doctor",https://www.burrardstreetjournal.com/hillary-clinton-unhealthiest-president-ever-trumps-doctor/,2016-09-14T14:09:23+00:00
1,Stephen Harper To Run In 2019 Election After Reversing Retirement Decision,https://www.burrardstreetjournal.com/harper-reverse-retirement-decision/,2016-09-08T11:52:47+00:00
1,President Obama Confirms He Will Refuse To Leave Office If Trump Is Elected,https://www.burrardstreetjournal.com/obama-refusing-to-leave-if-trump-elected/,2016-09-07T13:49:53+00:00
1,Lucky Renter Finds Bargain Downtown Vancouver Bathtub For Only $600 Monthly,https://www.burrardstreetjournal.com/bargain-downtown-vancouver-bathtub-rented/,2016-09-06T16:13:39+00:00
1,Father Ted Episode Still Blamed For Irish Public’s Deep Mistrust Of Hairy Milkmen,https://www.burrardstreetjournal.com/father-ted-episode-still-blamed-for-mistrust-of-milkmen/,2016-09-06T02:11:04+00:00
1,Sir Alex Ends Pogba Feud By Performing Dab Celebration Together,https://www.burrardstreetjournal.com/sir-alex-and-paul-pogba-spotted-dabbing/,2016-09-06T01:20:26+00:00
1,Donald Trump Admits “Renaming New Mexico” Will Be His First Act As President,https://www.burrardstreetjournal.com/donald-trump-admits-renaming-new-mexico-will-be-his-first-act-as-president/,2016-09-04T02:53:16+00:00
1,Trump Reassures Mexico That Canada Will Pay Half Of Border Wall,https://www.burrardstreetjournal.com/trump-canada-pay-for-wall-with-mexico/,2016-09-02T14:13:07+00:00
1,"Bill Clinton Surprisingly Admits He Admires Melania Trump ‘Very, Very Much’",https://www.burrardstreetjournal.com/bill-clinton-admires-melania-trump/,2016-09-01T15:54:55+00:00
1,Shock As Toronto Student Becomes First To Correctly Pronounce His City’s Name,https://www.burrardstreetjournal.com/student-becomes-first-to-pronounce-toronto-correctly/,2016-08-26T12:31:51+00:00
1,Claudio Bravo Ruled Out For The Season After Breaking Both Arms In “Freak Accident”,https://www.burrardstreetjournal.com/claudio-bravo-breaks-both-arms/,2016-08-26T02:56:18+00:00
1,Trump In Final Stages Of Negotiations To Buy Great Wall Of China,https://www.burrardstreetjournal.com/trump-great-wall-of-china/,2016-08-25T17:06:10+00:00
1,Black Man From Donegal Claims Father Ted Has Ruined His Life,https://www.burrardstreetjournal.com/black-man-donegal-claims-father-ted-ruined-life/,2016-08-24T01:33:41+00:00
1,Mysterious Yellow Disk Spotted Hovering Over Vancouver,https://www.burrardstreetjournal.com/yellow-disk-spotted-hovering-over-vancouver-heat/,2016-08-18T16:50:14+00:00
1,Trump Claims He Could Have Founded A Much Better Terrorist Group Than Obama,https://www.burrardstreetjournal.com/trump-obama-founded-better-terrorist-group/,2016-08-14T12:42:39+00:00
1,Paul Pogba Confident He’s The Man To Finally Replace Jonny Evans,https://www.burrardstreetjournal.com/pogba-jonny-evans-replacement/,2016-08-09T08:09:44+00:00
1,Obama Declares His Family Will Move To Canada If Trump Is Elected,https://www.burrardstreetjournal.com/obama-moving-to-canada/,2016-08-05T14:51:41+00:00
1,Vancouver’s First Rat Café To Open Next Weekend,https://www.burrardstreetjournal.com/vancouver-rat-cafe-to-open/,2016-08-04T14:14:39+00:00
1,Mino Raiola Blasts Media “Assumptions” As Pogba Dyes Pubic Hair Red,https://www.burrardstreetjournal.com/mino-raiola-comments-on-pogba-pubic-hair/,2016-08-04T10:33:21+00:00
1,Trump Claims America Should Never Have Given Canada Its Independence,https://www.burrardstreetjournal.com/trump-canada-independence-was-mistake/,2016-07-29T15:15:04+00:00
1,"President Obama Begins DNC Speech By Chanting “4 More Years, 4 More Years”",https://www.burrardstreetjournal.com/obama-dnc-speech-four-more-years/,2016-07-27T19:36:59+00:00
1,Raheem Sterling “Absolutely Shocked” To Find Himself In Pokemon Go,https://www.burrardstreetjournal.com/raheem-sterling-pokemon-go-appearance/,2016-07-27T01:02:21+00:00
1,"Donald Trump just named his most inspiring person ever, and the answer won’t surprise you…",https://www.burrardstreetjournal.com/donald-trump-names-most-inspiring-person/,2016-07-26T16:32:16+00:00
1,Man United Agree To Rename Sir Alex Ferguson Stand After Paul Pogba,https://www.burrardstreetjournal.com/sir-alex-ferguson-stand-renamed-paul-pogba/,2016-07-26T01:18:45+00:00
1,Cactus Club To Trial Controversial New Swimwear Dress Code For Female Staff,https://www.burrardstreetjournal.com/cactus-club-bikinis-dress-code-changed/,2016-07-23T11:52:25+00:00
1,Gary Lineker Vows To Shoot Porn In MOTD Studio If Leicester Win Champions League,https://www.burrardstreetjournal.com/gary-lineker-porn/,2016-07-21T01:00:19+00:00
1,Pokemon Go Vancouver: Meet the Pokemon of Vancouver,https://www.burrardstreetjournal.com/pokemon-of-vancouver/,2016-07-18T23:50:06+00:00
1,New Poll Shows 73% of Americans Think Toronto Is Capital Of Canada,https://www.burrardstreetjournal.com/americans-think-toronto-is-capital-of-canada/,2016-07-16T11:33:17+00:00
1,Crisis In Trump Camp As Donald Claims Ivanka “Is No Longer A 10”,https://www.burrardstreetjournal.com/donald-claims-ivanka-is-no-longer-a-10/,2016-07-10T11:23:19+00:00
1,Canada’s First Self-Driving Cars To Be Tested in Richmond BC “As Soon As Possible”,https://www.burrardstreetjournal.com/canadas-first-self-driving-cars-to-be-tested-in-richmond/,2016-07-06T16:04:33+00:00
1,Leo Messi’s Day Goes From Bad To Worse As Adam Johnson Deletes Him Off Facebook,https://www.burrardstreetjournal.com/adam-johnson-deletes-lionel-messi-off-facebook/,2016-07-06T04:33:55+00:00
1,Melania Trump Emerges As Shock Candidate For Vice Presidency After Donald’s House Of Cards Marathon,https://www.burrardstreetjournal.com/melania-trump-vice-president-candidate/,2016-07-05T16:38:58+00:00
1,Mass Shootings Planned Across The World To Celebrate 4th of July,https://www.burrardstreetjournal.com/mass-shootings-planned-across-world-celebrate-4th-july/,2016-07-04T11:02:37+00:00
1,Euro 2016 Cancelled As England Bring Only Ball Home With Them,https://www.burrardstreetjournal.com/euro-2016-cancelled-england-bring-ball-home/,2016-07-03T00:27:40+00:00
1,"Facebook-less Dad Who Received No Gift, Ecstatic About Son’s Father’s Day Status",https://www.burrardstreetjournal.com/facebook-less-dad-received-no-gift-ecstatic-sons-fathers-day-status/,2016-06-19T12:42:52+00:00
1,Riot Planned For Downtown Vancouver To Commemorate 2011 Stanley Cup Riot’s 5-Year Anniversary,https://www.burrardstreetjournal.com/riot-planned-for-downtown-vancouver/,2016-06-17T17:00:38+00:00
1,NRA Demands Obama Use Executive Action To Ban Gay Nightclubs,https://www.burrardstreetjournal.com/nra-demand-obama-use-executive-action-ban-gay-nightclubs/,2016-06-13T16:26:15+00:00
1,Donald Trump Claims He Will “Buy Canada” if Clinton Gets Elected,https://www.burrardstreetjournal.com/donald-trump-claims-he-will-buy-canada/,2016-06-11T12:04:26+00:00
1,Even Nani Shocked By Rumours Of Man Utd Return,https://www.burrardstreetjournal.com/even-nani-shocked-by-rumours-of-man-utd-return/,2016-06-11T02:26:34+00:00
1,HIMYM Movie Officially Confirmed: “How I Resurrected Your Mother”,https://www.burrardstreetjournal.com/himym-movie-officially-confirmed/,2016-06-10T16:03:41+00:00
1,Jack Grealish Admits He Faces The “Hardest Decision” Of His Life Ahead Of Euro 2016,https://www.burrardstreetjournal.com/jack-grealish-admits-he-faces-the-hardest-decision-of-his-life-ahead-of-euro-2016/,2016-06-09T11:45:03+00:00
1,Chelsea Could Sue FIFA To Buy Player They Already Have Out On Loan,https://www.burrardstreetjournal.com/chelsea-seek-special-dispensation-fifa-buy-player-already-loan/,2016-06-07T23:48:41+00:00
1,Mayor Robertson Admits To Sleeping In His Office As Vancouver Housing Crisis Worsens,https://www.burrardstreetjournal.com/vancouver-housing-crisis-worsens-as-mayor-sleeps-in-office/,2016-06-07T16:54:28+00:00
1,Petition To Lock Boy’s Parents In Cincinnati Zoo’s Gorilla Enclosure Attracts Ten Million Signatures,https://www.burrardstreetjournal.com/petition-to-lock-boys-parents-in-cincinnati-zoo/,2016-06-01T16:37:16+00:00
1,Donald Trump & Conor McGregor To Wrestle At WWE Battleground,https://www.burrardstreetjournal.com/trump-v-mcgregor-confirmed-for-wwe-battleground/,2016-05-26T16:11:30+00:00
1,READ: Meet The Young Irish Family Forced To Sleep On Vancouver Streets,https://www.burrardstreetjournal.com/the-young-irish-family-forced-to-sleep-on-vancouver-streets/,2016-05-25T16:06:23+00:00
1,"“Bridal Yoga Pants The NEW Wedding Dress,” Claim Lululemon At Unveiling",https://www.burrardstreetjournal.com/lululemon-unveils-new-bridal-yoga-pants-line/,2016-05-23T11:49:14+00:00
1,"Doctors “Worried” For Rafa Benitez’s Mental Health, As He Considers Newcastle Offer",https://www.burrardstreetjournal.com/doctors-worried-for-rafa-benitezs-mental-health-considers-newcastle-offer/,2016-05-22T02:43:36+00:00
1,Mourinho Latest: Helicopter Spotted At Juan Mata’s House As Tearful Herrera Waves Him Off,https://www.burrardstreetjournal.com/helicopter-spotted-at-juan-matas-house-mourinho-latest-news/,2016-05-22T01:43:42+00:00
1,Ched Evans Relieved To Be Downgraded From “Convicted Rapist” To “Alleged Rapist”,https://www.burrardstreetjournal.com/ched-evans-relieved-to-be-downgraded-from-convicted-rapist/,2016-05-20T23:27:51+00:00
1,House of Commons In Shock As Ruth Ellen Brosseau Quits NDP To Pursue Soccer Career,https://www.burrardstreetjournal.com/ruth-ellen-brosseau-quits-ndp-party/,2016-05-20T15:38:22+00:00
1,Justin Trudeau Facing Criminal Charges Following “Vicious Assault” On “Lucky to Be Alive” NDP MP,https://www.burrardstreetjournal.com/justin-trudeau-to-face-criminal-charges/,2016-05-19T16:14:56+00:00
1,"Sir Louis Van Gaal Should Be Knighted For Meeting Man United’s “Crazy Expectations”, He Claims",https://www.burrardstreetjournal.com/louis-van-gaal-claims-he-should-be-knighted/,2016-05-19T01:58:35+00:00
1,UEFA Bans Liverpool From Europa League; Reinstates Man Utd,https://www.burrardstreetjournal.com/uefa-bans-liverpool-europa-league-reinstates-man-utd/,2016-05-17T23:31:37+00:00
1,God Shocked By Leicester City Title: “I Honestly Didn’t Think This Was Possible”,https://www.burrardstreetjournal.com/god-shocked-leicester-city-title-honestly-didnt-think-possible/,2016-05-03T23:04:01+00:00
1,"Trump Blames Canada For Bad U.S. Economy, Demands ‘They Get Their Own Currency’",https://www.burrardstreetjournal.com/trump-canadian-dollar-criticism-sparks-debate/,2016-04-21T15:33:31+00:00
1,Justin Trudeau Confirmed As Guest of Honour At 420 Vancouver,https://www.burrardstreetjournal.com/justin-trudeau-confirmed-as-guest-of-honour-420-vancouver/,2016-04-19T17:40:59+00:00
1,Sarah Palin Allegedly Strings Multiple Words Together To Form Coherent Sentence,https://www.burrardstreetjournal.com/sarah-palin-strings-multiple-words-together-form-coherent-sentence/,2016-04-12T17:45:11+00:00
1,WATCH: Ted Cruz makes astonishing accusation about Donald Trump’s sex life,https://www.burrardstreetjournal.com/watch-ted-cruz-makes-astonishing-accusation-donald-trumps-sex-life/,2016-04-09T11:13:35+00:00
1,United Nations To Try Turning America Off And On Again,https://www.burrardstreetjournal.com/united-nations-to-try-turning-america-off-and-on-again/,2016-04-08T15:59:09+00:00
1,Secret Donald Trump TED Talk Receives Standing Ovation in Vancouver,https://www.burrardstreetjournal.com/donald-trumps-ted-talk-receives-standing-ovation-in-vancouver/,2016-04-06T14:11:57+00:00
1,"Aston Villa Players Ignoring Endless Transfer Speculation, To Focus Solely On Relegation",https://www.burrardstreetjournal.com/aston-villa-players-ignoring-transfer-speculation-focus-solely-relegation/,2016-04-06T13:21:39+00:00
1,Birdie Sanders Assassinated; Found Dead Outside Front Door Of White House,https://www.burrardstreetjournal.com/birdie-sanders-assassinated-outside-white-house/,2016-04-02T10:59:07+00:00
1,New Study Claims 1 in 5 Adults Will Be Obese By 2025,https://www.burrardstreetjournal.com/new-study-claims-one-in-five-adults-will-be-obese-by-2025/,2016-04-01T10:52:48+00:00
1,VIDEO: Donald Trump warns Americans about dangers of moving to Canada,https://www.burrardstreetjournal.com/donald-trump-warns-americans-about-dangers-of-moving-to-canada/,2016-03-27T13:03:39+00:00
1,‘What’s So F**king Good About It?’ Jesus Christ Hits Out At Good Friday,https://www.burrardstreetjournal.com/jesus-christ-attacks-good-friday/,2016-03-25T12:08:57+00:00
1,"35-year-old Argentinian Man Found Alive By Police, After Disappearing Sunday",https://www.burrardstreetjournal.com/35-year-old-argentinian-man-found-alive-by-police-disappearing-sunday/,2016-03-24T05:37:21+00:00
1,GOP Website Declares Donald Trump Election Winner Hours Before Polls Close,https://www.burrardstreetjournal.com/gop-website-declares-donald-trump-election-winner/,2016-11-08T10:56:26+00:00
1,FBI Director James Comey To Live Tweet Election Day ‘In Case Anything Comes Up’,https://www.burrardstreetjournal.com/fbi-director-james-comey-to-live-tweet-election-day/,2016-11-08T06:14:55+00:00
1,Trump Tells Supporters To Only Use Ask Jeeves In Future: “He’s the only one I trust.”,https://www.burrardstreetjournal.com/trump-ask-jeeves-better-than-google/,2016-11-07T14:49:35+00:00
1,Hillary Clinton Attends Halloween Party In ‘Sexy Donald Trump’ Costume,https://www.burrardstreetjournal.com/hillary-clinton-trump-costume-at-halloween-party/,2016-11-02T14:13:30+00:00
1,Leaked Emails Reveal Trump Contacted Lance Armstrong For Advice On Space Program,https://www.burrardstreetjournal.com/trump-contacted-lance-armstrong-advice-space-program/,2016-10-24T13:15:46+00:00
1,Football Manager 2017 Starting Budgets For Premier League teams,https://www.burrardstreetjournal.com/football-manager-2017-starting-budgets/,2016-10-19T00:16:37+00:00
1,Trump Claims Not Deporting Obamas Under Muslim Ban Would Be ‘Discriminatory’,https://www.burrardstreetjournal.com/trump-deporting-obamas-must-happen/,2016-10-14T14:46:29+00:00
1,Vancouver Police Warn Steam Clock May Never Be Targeted By Terrorists,https://www.burrardstreetjournal.com/vpd-steam-clock-terrorist-attack-unlikely/,2016-10-05T14:15:26+00:00
1,Prince George In ‘Stable Condition’ In Hospital After ‘Accidental Collision’ With Justin Trudeau’s Elbow,https://www.burrardstreetjournal.com/prince-george-justin-trudeau-collision-hospitalizes-toddler/,2016-09-29T15:14:23+00:00
1,Trump Hires Monica Lewinsky As Advisor to Presidential Campaign,https://www.burrardstreetjournal.com/trump-hires-monica-lewinsky-as-advisor-to-presidential-campaign/,2016-09-26T12:59:09+00:00
1,"Statue Of Ryan Reynolds To Be Built In Vancouver, Mayor Robertson Confirms",https://www.burrardstreetjournal.com/statue-of-ryan-reynolds-to-be-built-in-vancouver/,2016-02-21T13:12:20+00:00
1,Man Utd Fans Graciously Accept They’re No Longer Manchester’s Biggest Club,https://www.burrardstreetjournal.com/man-utd-fans-graciously-accept-theyre-not-manchesters-biggest-club/,2016-02-21T12:17:02+00:00
1,"Canadian Man Who “Forgot” To Say Sorry, Turns Himself In To Police",https://www.burrardstreetjournal.com/canadian-man-turns-self-into-police-for-forgetting-to-say-sorry/,2016-02-20T12:46:02+00:00
1,Shrewsbury Town Manager Insists “Favourites Tag” Will Not Affect Players Against Man United,https://www.burrardstreetjournal.com/shrewsbury-town-manager-insists-favourites-tag-will-not-affect-players-man-united/,2016-02-19T12:32:30+00:00
1,“Pro-Rape Rally Is Definitely Still Cancelled” Insists Return Of Kings Leader,https://www.burrardstreetjournal.com/pro-rape-rally-definitely-still-cancelled-insists-return-kings-leader/,2016-02-06T12:22:04+00:00
1,Local Rapist Desperately Searching For Something Else To Do On Saturday,https://www.burrardstreetjournal.com/local-rapist-desperately-searching-for-something-else-to-do-saturday/,2016-02-05T13:05:50+00:00
1,"Bill Cosby Brands Return Of Kings Pro-Rape Rallies, “Disgusting”",https://www.burrardstreetjournal.com/bill-cosby-brands-return-kings-pro-rape-rallies-disgusting/,2016-02-04T19:06:35+00:00
1,Donald Trump To Ban Canadians From Entering U.S.,https://www.burrardstreetjournal.com/trump-to-ban-canadians-from-entering-u-s/,2016-01-30T13:21:20+00:00
1,The Sun Announces “Landmark Decision” To Cease Fabricating News,https://www.burrardstreetjournal.com/sun-announces-landmark-decision-to-cease-fabricating-news/,2016-01-27T01:36:06+00:00
1,Idiot Endorses Bigger Idiot,https://www.burrardstreetjournal.com/idiot-endorses-bigger-idiot/,2016-01-24T11:55:17+00:00
1,Making a Murderer Creators to film Ched Evans Documentary,https://www.burrardstreetjournal.com/making-a-murderer-creators-film-ched-evans-documentary/,2016-01-24T03:17:22+00:00
1,New Vancouver Breakfast Cafe Proudly Boasts City’s Longest Lineup,https://www.burrardstreetjournal.com/new-vancouver-breakfast-cafe-boasts-cities-longest-line/,2016-01-23T11:30:54+00:00
1,“Absolutely Thrilled” Glazer Family Offer Louis Van Gaal “Job For life.”,https://www.burrardstreetjournal.com/absolutely-thrilled-glazer-family-offer-louis-van-gaal-job-life/,2016-01-19T11:19:57+00:00
1,American Tourist ‘Shocked’ To Discover Canada Has Its ‘Own Currency’,https://www.burrardstreetjournal.com/police-called-american-tourist-shocked-discover-canada-currency/,2016-01-16T12:33:25+00:00
1,Manchester Police Call “Jobless Drifter” Spotted Circling Old Trafford “Relatively Harmless”,https://www.burrardstreetjournal.com/manchester-police-call-jobless-drifter-spotted-circling-old-trafford-relatively-harmless/,2016-01-15T12:29:27+00:00
1,Widespread shock as Rafa Benitez is sacked by Real Madrid,https://www.burrardstreetjournal.com/widespread-shock-rafa-benitez-sacked-real-madrid/,2016-01-04T13:07:01+00:00
1,Klopp hits back at Allardyce’s “soft” comment: “I just had a little too much to drink”,https://www.burrardstreetjournal.com/klopp-hits-back-at-allardyces-soft-comment-i-just-had-a-little-too-much-to-drink/,2016-01-01T11:15:23+00:00
1,Donald Trump: “Syrian refugees to blame for Vancouver earthquake”,https://www.burrardstreetjournal.com/donald-trump-blames-syrian-refugees-for-vancouver-earthquake/,2015-12-30T15:47:46+00:00
1,Giggs’ family Christmas cancelled for 4th year in a row,https://www.burrardstreetjournal.com/giggs-family-christmas-cancelled-for-4th-year-in-a-row/,2015-12-25T15:46:12+00:00
1,Memphis Depay gives up Number 7 shirt due to “intense pressure”,https://www.burrardstreetjournal.com/memphis-depay-gives-number-7-shirt-due-intense-pressure/,2015-12-10T11:48:50+00:00
1,Vancouver Steam Clock Voted World’s Worst Tourist Attraction For Record 10th Year,https://www.burrardstreetjournal.com/vancouver-steam-clock-voted-worst-tourist-attraction-again/,2015-12-09T18:35:57+00:00
1,Van Gaal promises fans to not take Europa League seriously,https://www.burrardstreetjournal.com/van-gaal-promises-fans-not-take-europa-league-seriously/,2015-12-09T00:03:44+00:00
1,Leicester City signs new contract extension with Jamie Vardy,https://www.burrardstreetjournal.com/leicester-city-signs-new-contract-extension-jamie-vardy/,2015-11-29T04:13:12+00:00
1,Robbie Brady mocks Scotland: “Guess they’ll be Home Alone this summer”.,https://www.burrardstreetjournal.com/robbie-brady-mocks-scotland-guess-theyll-be-home-alone-this-summer/,2015-11-17T00:17:59+00:00
1,FAI to hire fog machines for Ireland’s return leg against Bosnia,https://www.burrardstreetjournal.com/fai-to-hire-fog-machines-for-irelands-return-leg-against-bosnia/,2015-11-13T14:59:50+00:00
1,Donald Trump accuses Hillary Clinton of “sleeping her way to the top”.,https://www.burrardstreetjournal.com/donald-trump-accuses-hillary-clinton-of-sleeping-her-way-to-the-top/,2015-11-10T18:34:30+00:00
1,MLS deny they’re “in discussions” to remove Canadian teams from league.,https://www.burrardstreetjournal.com/mls-deny-theyre-in-discussions-to-remove-canadian-teams-from-league/,2015-11-09T17:03:48+00:00
1,Football Manager 2016 free players,https://www.burrardstreetjournal.com/football-manager-2016-free-players/,2015-11-09T12:26:45+00:00
1,Mysterious Yellow Disk Spotted Hovering Over Vancouver,https://www.burrardstreetjournal.com/yellow-disk-spotted-hovering-over-vancouver-heat/,2016-08-18T16:50:14+00:00
1,Trump Claims He Could Have Founded A Much Better Terrorist Group Than Obama,https://www.burrardstreetjournal.com/trump-obama-founded-better-terrorist-group/,2016-08-14T12:42:39+00:00
1,Paul Pogba Confident He’s The Man To Finally Replace Jonny Evans,https://www.burrardstreetjournal.com/pogba-jonny-evans-replacement/,2016-08-09T08:09:44+00:00
1,Obama Declares His Family Will Move To Canada If Trump Is Elected,https://www.burrardstreetjournal.com/obama-moving-to-canada/,2016-08-05T14:51:41+00:00
1,Vancouver’s First Rat Café To Open Next Weekend,https://www.burrardstreetjournal.com/vancouver-rat-cafe-to-open/,2016-08-04T14:14:39+00:00
1,Mino Raiola Blasts Media “Assumptions” As Pogba Dyes Pubic Hair Red,https://www.burrardstreetjournal.com/mino-raiola-comments-on-pogba-pubic-hair/,2016-08-04T10:33:21+00:00
1,Trump Claims America Should Never Have Given Canada Its Independence,https://www.burrardstreetjournal.com/trump-canada-independence-was-mistake/,2016-07-29T15:15:04+00:00
1,"President Obama Begins DNC Speech By Chanting “4 More Years, 4 More Years”",https://www.burrardstreetjournal.com/obama-dnc-speech-four-more-years/,2016-07-27T19:36:59+00:00
1,Raheem Sterling “Absolutely Shocked” To Find Himself In Pokemon Go,https://www.burrardstreetjournal.com/raheem-sterling-pokemon-go-appearance/,2016-07-27T01:02:21+00:00
1,"Donald Trump just named his most inspiring person ever, and the answer won’t surprise you…",https://www.burrardstreetjournal.com/donald-trump-names-most-inspiring-person/,2016-07-26T16:32:16+00:00
1,"Martin O’Neill to Joachim Löw: “Why the Long face, Jogi?”",https://www.burrardstreetjournal.com/martin-oneill-to-joachim-low-why-the-long-face-jogi/,2015-10-09T00:16:47+00:00
1,Football Manager 2016 Latest News,https://www.burrardstreetjournal.com/football-manager-2016-latest-news/,2015-10-05T23:28:28+00:00
1,FAI Under-21 Player of the Year Award For Sale on Ebay,https://www.burrardstreetjournal.com/fai-under-21-player-of-the-year-award-for-sale-on-ebay/,2015-10-05T10:46:25+00:00
1,Jack Grealish’s future: The Next 10 Years,https://www.burrardstreetjournal.com/jack-grealishs-future-the-next-10-years/,2015-10-01T09:53:59+00:00
1,Jack Grealish speaks about decision: “England are the lesser of two evils.”,https://www.burrardstreetjournal.com/jack-grealish-speaks-about-decision-england-are-the-lesser-of-two-evils/,2015-09-30T10:42:14+00:00
1,Ashley Cole set to complete move to Manchester United.,https://www.burrardstreetjournal.com/ashley-cole-set-to-complete-move-to-manchester-united/,2015-09-21T11:04:15+00:00
1,Diego Costa Receives Annual Match! Magazine’s ‘Biggest Asshole in Football’ Award,https://www.burrardstreetjournal.com/diego-costa-receives-annual-match-magazines-biggest-asshole-in-football-award/,2015-09-20T10:05:58+00:00
1,Shaw to have leg amputated; may not be fit for Euros,https://www.burrardstreetjournal.com/shaw-to-have-leg-amputated-may-not-be-fit-for-euros/,2015-09-17T09:18:45+00:00
1,Emotional President Obama Wishes Luke Shaw a Speedy Recovery,https://www.burrardstreetjournal.com/emotional-president-obama-wishes-luke-shaw-a-speedy-recovery/,2015-09-16T09:38:19+00:00
1,Arsene Wenger handed 10-match-ban for indecent exposure against Stoke.,https://www.burrardstreetjournal.com/arsene-wenger-handed-10-match-ban-for-indecent-exposure-against-stoke/,2015-09-14T09:50:22+00:00
1,"Chelsea to rescue 1,000 Syrian refugees, and immediately “rehome” them to other clubs.",https://www.burrardstreetjournal.com/chelsea-to-rescue-1000-syrian-refugees-and-immediately-rehome-them-to-other-clubs/,2015-09-13T11:45:16+00:00
1,Health Canada declare Tayto and Lucozade a serious risk to public health,https://www.burrardstreetjournal.com/health-canada-declare-tayto-lucozade-serious-risk-public-health/,2015-09-11T10:57:19+00:00
1,Sir Bobby Charlton hits out at Wayne Rooney’s Goalscoring Record,https://www.burrardstreetjournal.com/sir-bobby-charlton-hits-out-at-wayne-rooneys-goalscoring-record/,2015-09-09T09:31:30+00:00
1,"Confusion at UEFA, as New Poll Reveals ARSENAL are Favourites to Win Euro 2016.",https://www.burrardstreetjournal.com/confusion-at-uefa-as-new-poll-reveals-arsenal-are-favourites-to-win-euro-2016/,2015-09-08T10:41:38+00:00
1,Euro 2016 Cancelled As England Bring Only Ball Home With Them,https://www.burrardstreetjournal.com/euro-2016-cancelled-england-bring-ball-home/,2016-07-03T00:27:40+00:00
1,"Facebook-less Dad Who Received No Gift, Ecstatic About Son’s Father’s Day Status",https://www.burrardstreetjournal.com/facebook-less-dad-received-no-gift-ecstatic-sons-fathers-day-status/,2016-06-19T12:42:52+00:00
1,Riot Planned For Downtown Vancouver To Commemorate 2011 Stanley Cup Riot’s 5-Year Anniversary,https://www.burrardstreetjournal.com/riot-planned-for-downtown-vancouver/,2016-06-17T17:00:38+00:00
1,NRA Demands Obama Use Executive Action To Ban Gay Nightclubs,https://www.burrardstreetjournal.com/nra-demand-obama-use-executive-action-ban-gay-nightclubs/,2016-06-13T16:26:15+00:00
1,Donald Trump Claims He Will “Buy Canada” if Clinton Gets Elected,https://www.burrardstreetjournal.com/donald-trump-claims-he-will-buy-canada/,2016-06-11T12:04:26+00:00
1,Even Nani Shocked By Rumours Of Man Utd Return,https://www.burrardstreetjournal.com/even-nani-shocked-by-rumours-of-man-utd-return/,2016-06-11T02:26:34+00:00
1,HIMYM Movie Officially Confirmed: “How I Resurrected Your Mother”,https://www.burrardstreetjournal.com/himym-movie-officially-confirmed/,2016-06-10T16:03:41+00:00
1,Jack Grealish Admits He Faces The “Hardest Decision” Of His Life Ahead Of Euro 2016,https://www.burrardstreetjournal.com/jack-grealish-admits-he-faces-the-hardest-decision-of-his-life-ahead-of-euro-2016/,2016-06-09T11:45:03+00:00
1,Chelsea Could Sue FIFA To Buy Player They Already Have Out On Loan,https://www.burrardstreetjournal.com/chelsea-seek-special-dispensation-fifa-buy-player-already-loan/,2016-06-07T23:48:41+00:00
1,Mayor Robertson Admits To Sleeping In His Office As Vancouver Housing Crisis Worsens,https://www.burrardstreetjournal.com/vancouver-housing-crisis-worsens-as-mayor-sleeps-in-office/,2016-06-07T16:54:28+00:00
1,Jared Fogle: “Subway not to blame for paedophilia; attractive children the problem.,https://www.burrardstreetjournal.com/jared-fogle-subway-not-blame-paedophilia-attractive-children-problem/,2015-08-19T13:38:17+00:00
1,ISRAEL GOES ON THE OFFENSIVE WITH NEW REVERSE PSYCHOLOGY STRATEGY,https://www.burrardstreetjournal.com/israel-goes-on-the-offensive-with-new-reverse-psychology-strategy/,2015-08-17T11:57:42+00:00
1,Women to be banned from football.,https://www.burrardstreetjournal.com/women-to-be-banned-from-football/,2015-08-17T11:41:51+00:00
1,“Mysterious Map Found at Malaysian Airlines Crash Site”,https://www.burrardstreetjournal.com/mysterious-map-found-at-malaysian-airlines-crash-site/,2015-08-15T14:40:54+00:00
1,Satire Football News Website Begs FIFA to Keep Blatter and sues FIFA,https://www.burrardstreetjournal.com/satire-football-news-website-begs-fifa-to-keep-blatter/,2015-08-14T01:16:56+00:00
1,Xherdan Shaqiri on Stoke move: “It’s like the fat ugly girl you meet outside the chipper at 4am on a Saturday night.”,https://www.burrardstreetjournal.com/xherdan-shaqiri-on-stoke-move-stoke-city-is-like-the-fat-fat-ugly-girl-you-meet-outside-the-chipper-at-4am-on-a-saturday-night/,2015-08-11T23:26:42+00:00
1,DSM-V ANNOUNCES NEW MENTAL ILLNESS,https://www.burrardstreetjournal.com/dsm-v-announces-new-mental-illness/,2015-08-11T01:45:52+00:00
1,"Brazilian striker HULK, suing Marvel",https://www.burrardstreetjournal.com/brazilian-striker-hulk-suing-marvel/,2015-08-11T00:17:18+00:00
1,"Adam Johnson Set To Move To Swiss Club, Young Boys.",https://www.burrardstreetjournal.com/adam-johnson-set-move-swiss-club-young-boys/,2015-08-09T00:00:07+00:00
1,Local “Devil’s Advocate” Terrified as he Realizes Donald Trump Might Actually Have Chance of Winning,https://www.burrardstreetjournal.com/local-devils-advocate-terrified-realizes-donald-trump-might-actually-chance-winning/,2015-08-08T00:29:57+00:00
1,Emmanuel Adebayor turns down Villa move…. as his heart is set on Gunners return,https://www.burrardstreetjournal.com/emmanuel-adebayor-turns-down-villa-move-as-his-heart-is-set-on-gunners-return/,2015-08-08T00:13:49+00:00
1,New International Rules series announced between Ireland and Canada.,https://www.burrardstreetjournal.com/new-international-rules-series-announced-between-ireland-and-canada/,2015-08-06T09:58:09+00:00
1,ON THIS DAY… IN THE FUTURE,https://www.burrardstreetjournal.com/on-this-day-in-the-future/,2015-08-05T14:32:15+00:00
1,Miss Piggy Denies Split from Kermit is Due to his New Islamic Beliefs,https://www.burrardstreetjournal.com/kermit-the-frog-and-miss-piggy-split-due-to-kermits-islamic-beliefs/,2015-08-05T10:45:56+00:00
1,UEFA Bans Liverpool From Europa League; Reinstates Man Utd,https://www.burrardstreetjournal.com/uefa-bans-liverpool-europa-league-reinstates-man-utd/,2016-05-17T23:31:37+00:00
1,God Shocked By Leicester City Title: “I Honestly Didn’t Think This Was Possible”,https://www.burrardstreetjournal.com/god-shocked-leicester-city-title-honestly-didnt-think-possible/,2016-05-03T23:04:01+00:00
1,"Trump Blames Canada For Bad U.S. Economy, Demands ‘They Get Their Own Currency’",https://www.burrardstreetjournal.com/trump-canadian-dollar-criticism-sparks-debate/,2016-04-21T15:33:31+00:00
1,Justin Trudeau Confirmed As Guest of Honour At 420 Vancouver,https://www.burrardstreetjournal.com/justin-trudeau-confirmed-as-guest-of-honour-420-vancouver/,2016-04-19T17:40:59+00:00
1,Sarah Palin Allegedly Strings Multiple Words Together To Form Coherent Sentence,https://www.burrardstreetjournal.com/sarah-palin-strings-multiple-words-together-form-coherent-sentence/,2016-04-12T17:45:11+00:00
1,WATCH: Ted Cruz makes astonishing accusation about Donald Trump’s sex life,https://www.burrardstreetjournal.com/watch-ted-cruz-makes-astonishing-accusation-donald-trumps-sex-life/,2016-04-09T11:13:35+00:00
1,United Nations To Try Turning America Off And On Again,https://www.burrardstreetjournal.com/united-nations-to-try-turning-america-off-and-on-again/,2016-04-08T15:59:09+00:00
1,Secret Donald Trump TED Talk Receives Standing Ovation in Vancouver,https://www.burrardstreetjournal.com/donald-trumps-ted-talk-receives-standing-ovation-in-vancouver/,2016-04-06T14:11:57+00:00
1,"Aston Villa Players Ignoring Endless Transfer Speculation, To Focus Solely On Relegation",https://www.burrardstreetjournal.com/aston-villa-players-ignoring-transfer-speculation-focus-solely-relegation/,2016-04-06T13:21:39+00:00
1,Birdie Sanders Assassinated; Found Dead Outside Front Door Of White House,https://www.burrardstreetjournal.com/birdie-sanders-assassinated-outside-white-house/,2016-04-02T10:59:07+00:00
1,New Study Claims 1 in 5 Adults Will Be Obese By 2025,https://www.burrardstreetjournal.com/new-study-claims-one-in-five-adults-will-be-obese-by-2025/,2016-04-01T10:52:48+00:00
1,VIDEO: Donald Trump warns Americans about dangers of moving to Canada,https://www.burrardstreetjournal.com/donald-trump-warns-americans-about-dangers-of-moving-to-canada/,2016-03-27T13:03:39+00:00
1,‘What’s So F**king Good About It?’ Jesus Christ Hits Out At Good Friday,https://www.burrardstreetjournal.com/jesus-christ-attacks-good-friday/,2016-03-25T12:08:57+00:00
1,"35-year-old Argentinian Man Found Alive By Police, After Disappearing Sunday",https://www.burrardstreetjournal.com/35-year-old-argentinian-man-found-alive-by-police-disappearing-sunday/,2016-03-24T05:37:21+00:00
1,"“At least she wasn’t 15,” pleads Ched Evans at appeal for rape conviction",https://www.burrardstreetjournal.com/at-least-she-wasnt-15-pleads-ched-evans-at-appeal-for-rape-conviction/,2016-03-23T19:52:39+00:00
1,WATCH: Donald Trump to build wall with Canada (Exclusive video and details),https://www.burrardstreetjournal.com/donald-trump-to-build-wall-with-canada/,2016-03-22T14:18:06+00:00
1,"Adam Johnson releases apology video: “No one has suffered more in all this, than me.”",https://www.burrardstreetjournal.com/adam-johnson-releases-apology-video-no-one-suffered/,2016-03-21T01:18:44+00:00
1,Donald Trump Finally Apologizes To Ted Cruz For Calling Him “A Canadian”,https://www.burrardstreetjournal.com/donald-trump-apologizes-ted-cruz-calling-canadian/,2016-03-20T11:10:36+00:00
1,"Al Pacino’s All time Favourite Movie has been revealed, and the answer may surprise you…",https://www.burrardstreetjournal.com/al-pacinos-all-time-favourite-movie-revealed-answer-may-surprise/,2016-03-12T13:30:58+00:00
1,This Vancouver Home Just Sold For 100 Times Its Asking Price…,https://www.burrardstreetjournal.com/the-vancouver-home-just-sold-for-20-times-its-asking-price/,2016-03-06T11:53:12+00:00
1,"Roy Keane speaks out on Jack Grealish’s international future: “He passed out from drinking. How Irish can he be, like?”",https://www.burrardstreetjournal.com/roy-keane-on-jack-grealishs-international/,2015-06-17T23:19:09+00:00
1,Damien Duff to start new Airtricity League team in Leitrim. Sligo Rovers forced into playoff.,https://www.burrardstreetjournal.com/damien-duff-to-set-up-new-team-in-leitrim/,2015-06-16T00:58:49+00:00
1,"Sepp Blatter Announces Sweeping Changes to Women’s Football: “My Final Act as Godfather of Fifa, will be Bikinis for Women.”",https://www.burrardstreetjournal.com/sepp-blatter-to-introduce-bikinis-for-womens-world-cup/,2015-06-15T00:57:40+00:00
1,"John Giles to fight Richie Sadlier for RTE panel spot, at UFC in Croke Park.",https://www.burrardstreetjournal.com/richie-sadlier-to-fight-john-giles-at-ufc-croke-park/,2015-06-13T19:17:56+00:00
1,Emile Heskey announces his candidacy for FIFA presidency: “I am the hero FIFA deserves.”,https://www.burrardstreetjournal.com/emile-heskey-announces-his-candidacy-for-fifa-presidency/,2015-06-12T01:56:36+00:00
1,Premier League’s released player list for Football Manager 2016,https://www.burrardstreetjournal.com/premier-leagues-released-player-list-for-football-manager-2016/,2015-06-10T16:40:15+00:00
1,Raheem Sterling demands Liverpool move Anfield to London,https://www.burrardstreetjournal.com/raheem-sterling-demands-liverpool-move-to-london/,2015-05-20T07:46:58+00:00
1,Kenny Cunningham to have surgery on eyebrows after abuse on social media.,https://www.burrardstreetjournal.com/kenny-cunningham-to-have-eyebrow-surgery-after-online-abuse/,2015-05-19T23:10:19+00:00
1,Florentino Perez blames lack of transfer activity for Madrid’s Champions League exit.,https://www.burrardstreetjournal.com/florentino-perez-says-real-must-spend-money/,2015-05-13T10:25:38+00:00
1,Grealish: “Leaving Cert More Stressful than International Decision.”,https://www.burrardstreetjournal.com/grealish-leaving-cert-more-stressful-than-international-decision/,2015-05-12T23:04:45+00:00
1,Rooney opens yearly contract talks with United…. by demanding move to Chelsea,https://www.burrardstreetjournal.com/rooney-opens-contract-talks-with-united-by-demanding-move-to-chelsea/,2015-05-10T23:22:03+00:00
1,Depay: “United Move a Stepping Stone to Real Madrid in 3 Years.”,https://www.burrardstreetjournal.com/depay-united-move-a-stepping-stone-to-madrid/,2015-05-08T00:15:42+00:00
1,Richard Keys and Andy Gray to return to Sky Sports,https://www.burrardstreetjournal.com/richard-keys-and-andy-gray-to-return-to-sky-sports/,2015-05-08T00:00:12+00:00
1,“Pathological Liar” Obafemi Martins Admits to Lying About His Age,https://www.burrardstreetjournal.com/obafemi-martins-admits-to-lying-about-age/,2015-05-07T00:07:49+00:00
1,Van Gaal: “Fellaini is shit again”,https://www.burrardstreetjournal.com/van-gaal-fellaini-is-shit-again/,2015-05-05T00:00:31+00:00
1,Mike Ashley to build Golden Statue of Himself Outside St James Park,https://www.burrardstreetjournal.com/mike-ashley-to-build-golden-statue-of-himself-outside-st-james-park/,2015-05-04T00:54:52+00:00
1,Fail Much Quotes of the Month,https://www.burrardstreetjournal.com/manny-pacquiao-vs-floyd-mayweather-jr-live-stream/,2015-05-02T19:57:08+00:00
1,Sepp Blatter to Resign as Fifa President and Return to Humanitarian Work,https://www.burrardstreetjournal.com/sepp-blatter-to-resign-as-fifa-president/,2015-04-29T19:53:58+00:00
1,“We’ve all questioned our sexuality.” ROY KEANE urges Ireland to vote YES.,https://www.burrardstreetjournal.com/weve-all-questioned-our-sexuality-roy-keane-urges-ireland-to-vote-yes/,2015-04-29T19:42:56+00:00
1,David Beckham announces plans to start MLS team on the Moon.,https://www.burrardstreetjournal.com/beckham-to-start-mls-team-on-the-moon/,2015-04-29T16:18:24+00:00
1,9 clubs on alert after Robbie Keane confirms return to “childhood team.”,https://www.burrardstreetjournal.com/robbie-keane-to-leave-la-galaxy-and-return-to-childhood-team/,2015-04-25T16:05:10+00:00
1,Oasis to reform for “one off” half time show at next Manchester derby 170,https://www.burrardstreetjournal.com/oasis-to-reform-for-one-off-half-time-show-at-next-manchester-derby-170/,2015-04-16T20:08:22+00:00
1,"Zlatan Ibrahimovic to design new furniture collection for IKEA: “If I build it, they will come”.",https://www.burrardstreetjournal.com/zlatan-ibrahimovic-to-design-for-ikea/,2015-04-16T20:06:15+00:00
1,Sir Alex Ferguson to return to management after conversation with Jay Leno,https://www.burrardstreetjournal.com/sir-alex-ferguson-to-return-to-management-after-conversation-with-jay-leno/,2015-04-16T19:43:03+00:00
1,Football Manager 2015 Guide,https://www.burrardstreetjournal.com/football-manager-2015-guide/,2015-02-09T12:26:35+00:00
1,The Ultimate EURO 2012 Prediction by David Villa,https://www.burrardstreetjournal.com/the-ultimate-euro-2012-prediction-by-david-villa/,2015-01-24T20:30:29+00:00
1,Football Manager 2015 – Tips and tricks (without cheating),https://www.burrardstreetjournal.com/football-manager-2015-tips-and-tricks-without-cheating/,2015-01-24T20:24:56+00:00
1,Football Manager Wonderkids,https://www.burrardstreetjournal.com/football-manager-wonderkids/,2015-01-24T20:23:04+00:00
1,Football Manager 2015 – Tips and tricks (without cheating),https://www.burrardstreetjournal.com/football-manager-2015-tips-and-tricks-without-cheating-2/,2015-01-22T15:11:51+00:00
1,Football Manager,https://www.burrardstreetjournal.com/football-manager-2/,2015-01-08T12:36:58+00:00
1,Football Manager Wonderkids,https://www.burrardstreetjournal.com/football-manager-wonderkids-2/,2015-01-02T15:00:15+00:00
1,Leicester City signs new contract extension with Jamie Vardy,https://www.burrardstreetjournal.com/leicester-city-signs-new-contract-extension-jamie-vardy/,2015-11-29T04:13:12+00:00
1,Robbie Brady mocks Scotland: “Guess they’ll be Home Alone this summer”.,https://www.burrardstreetjournal.com/robbie-brady-mocks-scotland-guess-theyll-be-home-alone-this-summer/,2015-11-17T00:17:59+00:00
1,FAI to hire fog machines for Ireland’s return leg against Bosnia,https://www.burrardstreetjournal.com/fai-to-hire-fog-machines-for-irelands-return-leg-against-bosnia/,2015-11-13T14:59:50+00:00
1,Donald Trump accuses Hillary Clinton of “sleeping her way to the top”.,https://www.burrardstreetjournal.com/donald-trump-accuses-hillary-clinton-of-sleeping-her-way-to-the-top/,2015-11-10T18:34:30+00:00
1,MLS deny they’re “in discussions” to remove Canadian teams from league.,https://www.burrardstreetjournal.com/mls-deny-theyre-in-discussions-to-remove-canadian-teams-from-league/,2015-11-09T17:03:48+00:00
1,Football Manager 2016 free players,https://www.burrardstreetjournal.com/football-manager-2016-free-players/,2015-11-09T12:26:45+00:00
1,"Brendan Rodgers set to star in new Sky 1 show, “Great Characters”",https://www.burrardstreetjournal.com/brendan-rodgers-set-to-star-in-new-sky-1-show-great-characters/,2015-11-08T12:54:38+00:00
1,Australia to “strongly consider” returning Whistler to Canada,https://www.burrardstreetjournal.com/whistler-australia-could-return-to-canada/,2015-11-08T11:10:08+00:00
1,Woman to play next James Bond.,https://www.burrardstreetjournal.com/woman-to-play-next-james-bond/,2015-11-07T10:45:10+00:00
1,Ben Carson alleged to be Ku Klux Klan member by Anonymous,https://www.burrardstreetjournal.com/ben-carson-alleged-to-be-ku-klux-klan-member-by-anonymous/,2015-11-06T11:56:54+00:00
1,Van Gaal defends Rooney’s record: “Wayne CAN score in a whore house.”,https://www.burrardstreetjournal.com/van-gaal-defends-rooneys-record-wayne-can-score-in-a-whore-house/,2015-11-03T03:38:24+00:00
1,Eva Carneiro to Liverpool – Jurgen Klopp to appoint former Chelsea physio.,https://www.burrardstreetjournal.com/eva-carneiro-to-liverpool-jurgen-klopp-to-appoint-former-chelsea-physio/,2015-11-01T11:03:49+00:00
1,Donald Trump Withdraws from 2016 Presidential Race: “Now is not the right time.”,https://www.burrardstreetjournal.com/donald-trump-withdraws-2016-presidential-race-now-not-right-time/,2015-10-27T14:40:58+00:00
1,YVR Outlet Mall under fire for its “Finally a Reason to Visit Richmond” ad campaign.,https://www.burrardstreetjournal.com/yvr-outlet-mall-under-fire-for-its-finally-a-reason-to-visit-richmond-ad-campaign/,2015-10-23T02:13:47+00:00
1,Rob Ford Announces Plans to Run for Conservative Leadership,https://www.burrardstreetjournal.com/rob-ford-announces-plans-to-run-for-conservative-leadership/,2015-10-21T10:21:05+00:00
1,“Die hard” Man Utd Fan Denies Ever Doubting Martial,https://www.burrardstreetjournal.com/die-hard-man-utd-fan-denies-ever-doubting-martial/,2015-10-21T00:45:18+00:00
1,Harper suggests “Republic of Western Canada” could separate from Canada.,https://www.burrardstreetjournal.com/harper-suggests-republic-of-western-canada-separates-from-canada/,2015-10-19T23:16:33+00:00
1,Harper Warns that Polling Stations Could be Targeted by Terrorists. Advises Citizens to Stay Home,https://www.burrardstreetjournal.com/harper-warns-that-polling-stations-could-be-targeted-by-terrorists-advises-citizens-to-stay-home/,2015-10-17T17:51:52+00:00
1,The Next 10 years: Brendan Rodgers,https://www.burrardstreetjournal.com/the-next-10-years-brendan-rodgers/,2015-10-17T11:28:33+00:00
1,Jack Grealish: “Is it too late to change my mind?”,https://www.burrardstreetjournal.com/jack-grealish-is-it-too-late-to-change-my-mind/,2015-10-09T10:36:28+00:00
1,"Martin O’Neill to Joachim Löw: “Why the Long face, Jogi?”",https://www.burrardstreetjournal.com/martin-oneill-to-joachim-low-why-the-long-face-jogi/,2015-10-09T00:16:47+00:00
1,Football Manager 2016 Latest News,https://www.burrardstreetjournal.com/football-manager-2016-latest-news/,2015-10-05T23:28:28+00:00
1,FAI Under-21 Player of the Year Award For Sale on Ebay,https://www.burrardstreetjournal.com/fai-under-21-player-of-the-year-award-for-sale-on-ebay/,2015-10-05T10:46:25+00:00
1,Jack Grealish’s future: The Next 10 Years,https://www.burrardstreetjournal.com/jack-grealishs-future-the-next-10-years/,2015-10-01T09:53:59+00:00
1,Jack Grealish speaks about decision: “England are the lesser of two evils.”,https://www.burrardstreetjournal.com/jack-grealish-speaks-about-decision-england-are-the-lesser-of-two-evils/,2015-09-30T10:42:14+00:00
1,Ashley Cole set to complete move to Manchester United.,https://www.burrardstreetjournal.com/ashley-cole-set-to-complete-move-to-manchester-united/,2015-09-21T11:04:15+00:00
1,Diego Costa Receives Annual Match! Magazine’s ‘Biggest Asshole in Football’ Award,https://www.burrardstreetjournal.com/diego-costa-receives-annual-match-magazines-biggest-asshole-in-football-award/,2015-09-20T10:05:58+00:00
1,Shaw to have leg amputated; may not be fit for Euros,https://www.burrardstreetjournal.com/shaw-to-have-leg-amputated-may-not-be-fit-for-euros/,2015-09-17T09:18:45+00:00
1,Emotional President Obama Wishes Luke Shaw a Speedy Recovery,https://www.burrardstreetjournal.com/emotional-president-obama-wishes-luke-shaw-a-speedy-recovery/,2015-09-16T09:38:19+00:00
1,Arsene Wenger handed 10-match-ban for indecent exposure against Stoke.,https://www.burrardstreetjournal.com/arsene-wenger-handed-10-match-ban-for-indecent-exposure-against-stoke/,2015-09-14T09:50:22+00:00
1,Women to be banned from football.,https://www.burrardstreetjournal.com/women-to-be-banned-from-football/,2015-08-17T11:41:51+00:00
1,“Mysterious Map Found at Malaysian Airlines Crash Site”,https://www.burrardstreetjournal.com/mysterious-map-found-at-malaysian-airlines-crash-site/,2015-08-15T14:40:54+00:00
1,Satire Football News Website Begs FIFA to Keep Blatter and sues FIFA,https://www.burrardstreetjournal.com/satire-football-news-website-begs-fifa-to-keep-blatter/,2015-08-14T01:16:56+00:00
1,Xherdan Shaqiri on Stoke move: “It’s like the fat ugly girl you meet outside the chipper at 4am on a Saturday night.”,https://www.burrardstreetjournal.com/xherdan-shaqiri-on-stoke-move-stoke-city-is-like-the-fat-fat-ugly-girl-you-meet-outside-the-chipper-at-4am-on-a-saturday-night/,2015-08-11T23:26:42+00:00
1,DSM-V ANNOUNCES NEW MENTAL ILLNESS,https://www.burrardstreetjournal.com/dsm-v-announces-new-mental-illness/,2015-08-11T01:45:52+00:00
1,"Brazilian striker HULK, suing Marvel",https://www.burrardstreetjournal.com/brazilian-striker-hulk-suing-marvel/,2015-08-11T00:17:18+00:00
1,"Adam Johnson Set To Move To Swiss Club, Young Boys.",https://www.burrardstreetjournal.com/adam-johnson-set-move-swiss-club-young-boys/,2015-08-09T00:00:07+00:00
1,Local “Devil’s Advocate” Terrified as he Realizes Donald Trump Might Actually Have Chance of Winning,https://www.burrardstreetjournal.com/local-devils-advocate-terrified-realizes-donald-trump-might-actually-chance-winning/,2015-08-08T00:29:57+00:00
1,Emmanuel Adebayor turns down Villa move…. as his heart is set on Gunners return,https://www.burrardstreetjournal.com/emmanuel-adebayor-turns-down-villa-move-as-his-heart-is-set-on-gunners-return/,2015-08-08T00:13:49+00:00
1,New International Rules series announced between Ireland and Canada.,https://www.burrardstreetjournal.com/new-international-rules-series-announced-between-ireland-and-canada/,2015-08-06T09:58:09+00:00
1,ON THIS DAY… IN THE FUTURE,https://www.burrardstreetjournal.com/on-this-day-in-the-future/,2015-08-05T14:32:15+00:00
1,Miss Piggy Denies Split from Kermit is Due to his New Islamic Beliefs,https://www.burrardstreetjournal.com/kermit-the-frog-and-miss-piggy-split-due-to-kermits-islamic-beliefs/,2015-08-05T10:45:56+00:00
1,John Terry and Tinder Unveil New Dating App Exclusively for Footballers,https://www.burrardstreetjournal.com/john-terry-and-tinder-unveil-new-dating-app-for-footballers/,2015-08-02T11:21:52+00:00
1,Cecil the Lion Poachers Sentenced to Death in Zimbabwe,https://www.burrardstreetjournal.com/cecil-the-lion-poachers-sentenced-to-death-in-zimbabwe/,2015-08-01T19:01:04+00:00
1,Mourinho accuses Benitez in Madeleine McCann disappearance. Mourinho v Benitez,https://www.burrardstreetjournal.com/mourinho-accuses-benitez-madeleine-mccann-disappearance-mourinho-v-benitez/,2015-07-30T00:52:57+00:00
1,Thierry Henry stabs Irishman who joked about “handball”.,https://www.burrardstreetjournal.com/thierry-henry-stabs-irishman-who-joked-about-handball/,2015-07-28T23:05:45+00:00
1,Football Manager Player sets New World Record by beginning 185th season.,https://www.burrardstreetjournal.com/football-manager-player-sets-new-world-record-by-beginning-185th-season/,2015-07-28T00:02:27+00:00
1,Andy Cole set to realise a “lifelong dream” by joining the cast of Coronation Street,https://www.burrardstreetjournal.com/andy-cole-set-to-realise-a-lifelong-dream-by-joining-the-cast-of-coronation-street/,2015-07-26T11:24:14+00:00
1,Ireland emerges as shock lead contender to host 2026 FIFA World Cup,https://www.burrardstreetjournal.com/ireland-emerges-as-shock-lead-contender-to-host-2026-fifa-world-cup/,2015-07-25T00:09:56+00:00
1,Fantasy Premier League addiction nearing “Epidemic” levels.,https://www.burrardstreetjournal.com/fantasy-premier-league-addiction-nearing-epidemic-levels/,2015-07-24T00:43:39+00:00
1,"20-year-old Footballer in Manchester, Found Crushed to Death Under Weight of Expectation.",https://www.burrardstreetjournal.com/20-year-old-footballer-in-manchester-found-crushed-to-death-under-weight-of-expectation/,2015-07-22T23:53:29+00:00
1,Van Gaal accidentally announces Manchester United’s shocking new “surprise” striker.,https://www.burrardstreetjournal.com/van-gaal-accidentally-announces-manchester-uniteds-shocking-new-surprise-striker/,2015-07-21T23:43:04+00:00
1,Madrid police searching for a missing Spanish man last seen in Manchester area.,https://www.burrardstreetjournal.com/madrid-police-searching-for-a-missing-spanish-man-last-seen-in-manchester-area/,2015-07-19T12:52:59+00:00
1,SPANISH PARTICIPANTS CONTEMPLATE THE “RUNNING OF THE BULLETS”,https://www.burrardstreetjournal.com/spanish-participants-contemplate-the-running-of-the-bullets/,2015-07-17T00:02:57+00:00
1,"Hundreds dead overnight as death toll from ‘The Leitrim War’ rises to over 5,000.",https://www.burrardstreetjournal.com/hundreds-dead-overnight-as-death-toll-from-the-leitrim-war-rises-to-over-5000/,2015-07-15T23:44:35+00:00
1,FIFA on the brink of seeking rent allowance.,https://www.burrardstreetjournal.com/fifa-on-the-brink-of-seeking-rent-allowance/,2015-07-15T12:49:44+00:00
1,‘Pro Evolution Soccer 4’ (PES 4) to be remade…after Konami gains encouragement from Henderson’s FIFA 16 cover.,https://www.burrardstreetjournal.com/pro-evolution-soccer-4-pes-4-to-be-remade/,2015-07-14T10:24:24+00:00
1,Sheffield Wednesday Renamed After Evidence Confirms Club Was Founded Day Earlier Than Previously Thought,https://www.burrardstreetjournal.com/sheffield-wednesday-renamed-after-new-evidence-emerges/,2015-07-11T00:23:43+00:00
1,Raheem Sterling’s Mother hands in ‘sick note’ to Brendan Rodgers to explain winger’s absence.,https://www.burrardstreetjournal.com/raheem-sterlings-mother-hands-in-sick-note-to-brendan-rodgers-to-explain-wingers-absence/,2015-07-09T23:20:44+00:00
1,"World’s only openly gay footballer, Robbie Rogers, set to relocate to Boyle, Co. Roscommon",https://www.burrardstreetjournal.com/worlds-only-openly-gay-footballer-robbie-rogers-set-to-relocate-to-boyle-co-roscommon/,2015-07-09T09:52:48+00:00
1,Donald Trump on U.S. Women’s National Team: “It’s great revenge for Pearl harbour but those women should really thank the men.”,https://www.burrardstreetjournal.com/donald-trump-on-us-womens-national-team-its-great-revenge-for-pearl-harbour/,2015-07-07T19:57:55+00:00
1,Freddy Adu leaving Finland to move to the moon,https://www.burrardstreetjournal.com/freddy-adu-leaving-finland-to-move-to-moon/,2015-07-07T03:47:57+00:00
1,Manchester United to retire ‘number 17’ shirt in honour of Nani.,https://www.burrardstreetjournal.com/manchester-united-to-retire-number-17-jersey-in-honour-of-nani/,2015-07-05T14:35:21+00:00
1,Madame Tussauds To Open Wax Museum Dedicated Entirely To Phil Jones’ Face.,https://www.burrardstreetjournal.com/madame-tussauds-to-open-wax-museum-dedicated-to-phil-jones-face/,2015-07-02T13:10:42+00:00
1,FIFA announce United Passions sequel “United Passions X: The White Knight Rises”,https://www.burrardstreetjournal.com/fifa-announce-united-passions-sequel/,2015-06-29T09:42:39+00:00
1,"“Worlds Hottest Weather Girl”, Yanet Garcia set to move to TG4 Weather.",https://www.burrardstreetjournal.com/worlds-hottest-weather-girl-yanet-garcia-set-to-move-to-tg4-weather/,2015-06-25T23:07:48+00:00
1,Ched Evans refusing to give up on Sheffield Utd move: “Since when does no mean no?”,https://www.burrardstreetjournal.com/ched-evans-refusing-to-give-up-on-sheffield-utd-move/,2015-06-24T23:02:03+00:00
1,Falcao: “I can be Chelsea’s biggest flop yet”,https://www.burrardstreetjournal.com/falcao-i-am-determined-to-prove-myself-as-worse-than-veron/,2015-06-24T00:00:58+00:00
1,NFL vs Soccer: How to make soccer more like the NFL – Guest Blog,https://www.burrardstreetjournal.com/nfl-vs-soccer-how-to-make-soccer-more-like-the-nfl-guest-blog-2/,2015-06-19T01:11:48+00:00
1,Hodgson on Jack Grealish: “Ireland are welcome to have him. He’s not suitable for England”,https://www.burrardstreetjournal.com/hodgson-on-jack-grealish-ireland-are-welcome-to-have-him-hes-not-suitable-for-england/,2015-06-18T12:15:55+00:00
1,Rooney opens yearly contract talks with United…. by demanding move to Chelsea,https://www.burrardstreetjournal.com/rooney-opens-contract-talks-with-united-by-demanding-move-to-chelsea/,2015-05-10T23:22:03+00:00
1,Depay: “United Move a Stepping Stone to Real Madrid in 3 Years.”,https://www.burrardstreetjournal.com/depay-united-move-a-stepping-stone-to-madrid/,2015-05-08T00:15:42+00:00
1,Richard Keys and Andy Gray to return to Sky Sports,https://www.burrardstreetjournal.com/richard-keys-and-andy-gray-to-return-to-sky-sports/,2015-05-08T00:00:12+00:00
1,“Pathological Liar” Obafemi Martins Admits to Lying About His Age,https://www.burrardstreetjournal.com/obafemi-martins-admits-to-lying-about-age/,2015-05-07T00:07:49+00:00
1,Van Gaal: “Fellaini is shit again”,https://www.burrardstreetjournal.com/van-gaal-fellaini-is-shit-again/,2015-05-05T00:00:31+00:00
1,Mike Ashley to build Golden Statue of Himself Outside St James Park,https://www.burrardstreetjournal.com/mike-ashley-to-build-golden-statue-of-himself-outside-st-james-park/,2015-05-04T00:54:52+00:00
1,Fail Much Quotes of the Month,https://www.burrardstreetjournal.com/manny-pacquiao-vs-floyd-mayweather-jr-live-stream/,2015-05-02T19:57:08+00:00
1,Sepp Blatter to Resign as Fifa President and Return to Humanitarian Work,https://www.burrardstreetjournal.com/sepp-blatter-to-resign-as-fifa-president/,2015-04-29T19:53:58+00:00
1,“We’ve all questioned our sexuality.” ROY KEANE urges Ireland to vote YES.,https://www.burrardstreetjournal.com/weve-all-questioned-our-sexuality-roy-keane-urges-ireland-to-vote-yes/,2015-04-29T19:42:56+00:00
1,David Beckham announces plans to start MLS team on the Moon.,https://www.burrardstreetjournal.com/beckham-to-start-mls-team-on-the-moon/,2015-04-29T16:18:24+00:00
1,9 clubs on alert after Robbie Keane confirms return to “childhood team.”,https://www.burrardstreetjournal.com/robbie-keane-to-leave-la-galaxy-and-return-to-childhood-team/,2015-04-25T16:05:10+00:00
1,Oasis to reform for “one off” half time show at next Manchester derby 170,https://www.burrardstreetjournal.com/oasis-to-reform-for-one-off-half-time-show-at-next-manchester-derby-170/,2015-04-16T20:08:22+00:00
1,"Zlatan Ibrahimovic to design new furniture collection for IKEA: “If I build it, they will come”.",https://www.burrardstreetjournal.com/zlatan-ibrahimovic-to-design-for-ikea/,2015-04-16T20:06:15+00:00
1,Sir Alex Ferguson to return to management after conversation with Jay Leno,https://www.burrardstreetjournal.com/sir-alex-ferguson-to-return-to-management-after-conversation-with-jay-leno/,2015-04-16T19:43:03+00:00
1,Football Manager 2015 Guide,https://www.burrardstreetjournal.com/football-manager-2015-guide/,2015-02-09T12:26:35+00:00
1,The Ultimate EURO 2012 Prediction by David Villa,https://www.burrardstreetjournal.com/the-ultimate-euro-2012-prediction-by-david-villa/,2015-01-24T20:30:29+00:00
1,Football Manager 2015 – Tips and tricks (without cheating),https://www.burrardstreetjournal.com/football-manager-2015-tips-and-tricks-without-cheating/,2015-01-24T20:24:56+00:00
1,Football Manager Wonderkids,https://www.burrardstreetjournal.com/football-manager-wonderkids/,2015-01-24T20:23:04+00:00
1,Football Manager 2015 – Tips and tricks (without cheating),https://www.burrardstreetjournal.com/football-manager-2015-tips-and-tricks-without-cheating-2/,2015-01-22T15:11:51+00:00
1,Football Manager,https://www.burrardstreetjournal.com/football-manager-2/,2015-01-08T12:36:58+00:00
1,Football Manager Wonderkids,https://www.burrardstreetjournal.com/football-manager-wonderkids-2/,2015-01-02T15:00:15+00:00
